m/z,z,I,Res.
250.05308,,2495691,193243
281.59627,,2533069,217228
284.73215,,2640102,144149
291.60251,,2437373,201488
296.14632,,3686518,230401
296.17958,,4610677,217456
296.21285,,4630596,185044
296.24627,,2980610,244379
297.48563,,2558022,198462
302.57137,,2506974,143167
309.98167,,2607874,176767
323.4053,,2701209,96877
324.92601,,2591830,175301
340.64897,,2423258,157569
344.0403,,2575511,188787
344.46037,,2461728,168007
350.16152,,2430634,191321
367.55941,,2576090,99062
378.84362,,2474254,102208
389.97418,,2568315,156414
392.43528,,2432407,114984
409.58608,,2827397,96487
418.92237,,2584970,129502
419.42224,,2695477,154921
427.46663,,2492575,124201
431.94615,,2488107,119604
434.91935,,2861818,105072
440.9727,,2491892,100010
453.24617,,2857682,104831
460.64755,,2662880,124994
460.75201,,2563488,67266
460.83652,,2622882,70383
464.86754,,2638929,111858
466.80207,,2473212,152904
483.98664,,2545211,122378
484.13887,,2824326,106721
484.21832,,2498806,127560
495.51577,,2749731,118788
495.67692,,2634969,110748
495.93787,,2807315,92713
501.9818,,2510052,120048
502.52678,,2528243,107132
521.70865,,2635245,113578
527.58433,,2628520,124902
529.51809,,2877953,62514
531.02078,,2594714,118156
547.1195,,8813202,114278
548.12271,,2606862,113842
548.63373,,2556565,90915
551.96117,,2575190,89591
556.21855,,2679087,70986
564.16021,,3426285,90280
567.15651,,3128186,95939
572.48651,,2705360,95883
573.1211,,2684610,113622
575.01533,,2982159,102165
575.35964,,2658065,99716
577.85057,,2593005,92920
579.93082,,2726185,95498
583.36933,,2730109,105236
584.17859,,2720547,85572
587.83948,,2673302,91638
595.54833,,2679386,69375
595.97381,,2671271,66589
598.1006,,3320838,111681
601.51582,,2652882,92695
606.48211,,2657525,83214
609.06725,,2754175,89080
609.28307,,3042198,87452
610.05943,,2839492,65190
612.44473,,2767485,115269
619.68994,,2670107,97636
620.14725,,2958029,70269
626.57248,,2682373,74057
627.0858,,7349638,107147
630.7241,,2688603,80861
630.96917,,2655416,94157
633.2395,,2660944,87492
633.26763,,2698761,71647
642.08103,,2843371,63079
642.31193,,2702454,74247
643.51517,,2645418,73267
645.84619,,2639896,85610
649.08098,,3368607,94941
650.06659,,2819959,111032
662.22723,,3051664,92673
663.01852,,2680010,66243
669.08438,,12632225,82442
669.58679,,5760703,96724
670.08773,,2711579,111988
676.83169,,3056504,65529
682.0461,,2858628,75795
683.60834,,2695954,85088
685.82065,,3009428,88528
687.19576,,2740032,67735
689.01059,,2690875,44816
689.08788,,13424886,85069
690.09202,,3153722,95133
692.05756,,2751769,101219
692.78452,,2902179,72740
693.97972,,2955885,75270
694.63796,,3355455,74359
695.57091,,2754430,89965
697.21405,,2871503,90778
698.28007,,2830651,66342
702.23416,,2732539,55259
703.3714,,3139710,75174
707.68934,,2688321,81828
708.82399,,2725186,52103
709.36043,,2749588,35554
721.79651,,2911543,106339
722.43994,,2908530,53101
723.96795,,2722857,76840
724.15145,,2843494,89420
726.89124,,2829133,104737
731.0407,,2745619,81275
734.79388,,2945295,31608
735.26644,,2776422,81404
737.43662,,3052152,60476
737.92097,,3136932,62934
738.17242,,2890809,83642
741.23199,,3465597,59823
741.86528,,3212086,70197
746.57008,,3061502,58546
747.29136,,2745480,50177
751.1129,,17355830,77928
751.61499,,8647664,83975
752.11676,,3563179,91824
758.17174,,2858280,61962
759.2456,,2749643,36560
760.1519,,2720150,113860
762.29576,,3742450,63009
762.74719,,2963492,75323
763.42866,,2800433,57240
763.7838,,3116440,64129
765.26803,,2795705,67814
769.03918,,2741871,93801
770.07003,,2868854,76608
770.1104,,2790061,55532
774.18535,,2752506,79046
774.88625,,2861110,42426
775.58294,,3066031,71215
776.27932,,2758775,52320
780.31728,,4111479,65858
791.09626,,8531854,82510
791.59886,,4586858,74119
797.05851,,3316447,72274
800.16476,,2876285,42113
801.04492,,2999972,26781
801.7078,,3047442,75975
801.92448,,3402730,55218
802.77667,,3542911,75748
806.09804,,2789022,76810
813.09692,,3163050,59451
815.45899,,2832914,44177
816.49223,,2846717,55901
817.56465,,3085980,58778
820.57747,,3042525,46639
822.09725,,15593038,77562
822.5383,,2971992,76956
822.59805,,9860696,76621
823.09724,,3848609,67638
824.43376,,3234214,64003
828.67964,,3305575,79717
828.90618,,2776670,81666
830.56539,,3018854,61944
834.79086,,6478953,71669
835.12501,,4745880,95391
835.4566,,3640900,50951
838.85443,,2871948,45429
840.21675,,3744751,57256
841.40503,,2868534,62293
848.82329,,2877127,73433
848.96002,,2813998,74102
850.61051,,3087901,73542
853.60404,,2848474,59989
853.86321,,2793278,72567
854.35485,,2892762,42430
855.37135,,3833761,75971
855.39218,,2775724,44521
857.22677,,3080308,59323
858.24428,,2855708,56618
860.77284,,5940003,85935
861.10826,,5777486,70904
861.44302,,4577208,65565
861.77979,,3604388,71317
861.96609,,2979074,79684
862.21951,,3097219,62492
865.45265,,2832846,60970
869.29496,,2904907,60807
871.24033,,2993829,20680
873.10702,,3201910,48754
874.85456,,2920266,76435
876.94804,,3265293,54532
877.17459,,2797088,78155
881.85914,,3150432,78248
883.34846,,2943377,30967
884.70434,,4076415,54270
886.03395,,2846367,30764
886.27331,,2978520,74884
887.56722,,2999014,69335
890.45908,,3081757,67136
891.08939,,2895948,45315
891.64766,,2986006,59402
891.80734,,2832391,69387
892.16619,,48173756,68255
892.26156,,3361901,72151
892.31034,,3066886,61081
893.17064,,15016121,74725
894.17412,,3409845,67354
895.1443,,3436385,58017
897.80401,,2880292,73745
898.78537,,3217238,99719
899.52434,,3185325,40171
899.59176,,3407727,53967
900.17655,,2948856,50504
903.44168,,2866499,43263
903.59466,,2978753,49851
903.95972,,3035354,67410
906.04019,,2950846,73471
911.41726,,3345685,53908
912.78783,,2839922,68101
914.59244,,2822670,45318
914.63555,,3735908,66979
915.53291,,2865552,26176
917.69122,,2992133,70680
919.64984,,3056597,63414
922.31723,,2854901,64987
923.63746,,31017342,68645
923.68531,,2804760,73659
924.13871,,24042626,64497
924.64048,,10013574,60188
925.9515,,2820910,71123
928.3671,,2893684,70178
929.69247,,3138758,36856
930.99386,,3525772,52239
931.05949,,2934958,66167
932.09545,,2875547,51440
932.38953,,2990405,77841
932.82331,,3067944,68609
934.25698,,3032727,54109
935.09356,,3058893,77013
935.38462,,2999590,32921
936.99009,,3063602,69833
940.46995,,3008413,57267
941.1163,,3201235,43501
941.21186,,3241542,51659
941.23336,,3154577,58125
942.3558,,3001796,60333
943.59706,,2904935,46110
943.68804,,2837384,63996
947.57948,,3076611,54826
947.65053,,2967849,51208
948.43442,,3173421,44390
948.45792,,2931993,43074
949.04061,,2955826,75923
949.67994,,3459529,57031
949.80631,,12195148,66615
950.1406,,13644032,63303
950.47463,,7642164,63249
950.80758,,4691687,67391
951.7183,,2925777,61019
953.56116,,2911556,30560
954.72339,,3213513,49661
954.77082,,3036803,44422
954.80924,,3241815,70102
955.10634,,5353465,72018
957.38308,,2827934,32358
958.5228,,3129579,31930
961.88715,,2874606,53515
962.27364,,3054530,53200
963.62086,,3352231,93479
964.26,,3262056,54734
965.0439,,2833050,54254
965.13028,,3031945,60916
966.61936,,2931435,42636
968.93251,,2977225,51067
970.18515,,3233349,58797
970.4568,,6364925,69507
970.79187,,6259512,81142
971.12493,,6290035,60259
971.46052,,3095855,63244
972.13259,,3092264,73660
972.77119,,2872911,66633
973.00775,,2966676,75976
973.32983,,3351209,37984
974.46903,,3503052,57277
974.61815,,30705312,61283
975.11989,,19298234,59040
975.59668,,2885641,64015
975.62106,,9497559,65589
976.1208,,3627506,36762
976.62632,,3247696,66079
977.44294,,3278656,41307
980.58633,,3536418,53486
983.87922,,2927047,38461
985.26804,,2909898,61554
989.53088,,3469822,52974
991.80293,,3021524,35822
994.12936,,57428148,60633
995.03809,,2933646,68130
995.13265,,20111110,59744
996.13255,,4735705,67464
996.67815,,2860062,64305
996.97007,,3112812,56173
997.40511,,3715665,33236
997.90011,,2959033,69817
998.39147,,3210847,62621
999.14564,,2987076,53463
1000.79189,,3165635,63386
1001.79594,,3031777,72686
1002.5468,,2894057,60511
1002.86319,,2849865,60626
1002.89325,,2925275,29881
1004.59775,,3234439,62877
1007.02171,,3374514,51965
1009.97694,,3255150,55270
1012.14166,,3780077,72191
1013.19129,,3118009,56680
1015.95843,,2934205,42937
1016.90109,,3236109,63543
1019.00067,,3005465,48981
1019.98273,,3317351,52431
1020.69475,,3194922,55798
1021.70855,,2868462,67438
1021.77671,,3020058,38462
1022.80347,,3002185,37036
1022.97592,,3171286,61024
1023.80715,,3576874,53981
1025.31191,,2909197,25514
1025.4872,,2970270,71638
1026.31559,,3270322,58821
1026.50723,,3010990,22678
1028.56539,,2942045,69630
1031.63351,,5819747,56047
1032.13629,,4500267,65504
1034.19352,,4012842,51627
1034.85346,,2967066,60319
1035.49217,,2985597,48106
1037.99065,,2877897,54359
1038.42832,,3420905,51745
1040.07746,,2960909,74799
1040.45843,,3227145,60521
1043.05935,,2901834,43568
1043.43171,,2896226,57285
1043.60927,,3018265,49009
1046.14044,,2927574,66742
1047.29294,,3238108,63431
1047.74265,,3248906,61467
1048.90623,,3223322,25906
1051.71338,,3166596,67684
1051.81505,,14553672,59128
1052.14944,,18070826,56807
1052.2842,,3458567,62703
1052.48388,,12478990,57454
1052.81761,,6385520,61326
1053.15233,,2900308,32580
1053.71292,,3421489,45354
1055.93349,,3015611,77521
1056.55595,,3143141,50920
1059.3343,,2887317,61427
1059.56175,,2909553,34460
1060.38896,,2919530,73069
1060.81959,,3491987,60552
1061.67525,,3792065,36036
1063.6165,,3024542,62327
1063.92965,,3034615,73049
1065.46757,,3046370,34135
1065.83619,,3146402,43130
1066.54911,,3726098,49719
1067.7585,,2995036,39587
1072.13808,,11855636,55884
1072.22265,,3528656,42786
1072.47158,,13536766,59601
1072.8062,,9530857,58498
1073.13925,,3192788,75630
1074.66726,,2958071,23200
1076.29105,,2928385,54816
1078.47455,,4614283,58637
1078.80387,,4646388,70883
1079.15744,,4398063,29524
1079.32436,,3060901,56767
1083.47522,,2974385,65784
1083.62862,,3234654,63589
1087.06358,,3426298,63290
1088.16299,,22593422,56830
1088.63569,,3269539,38197
1088.66376,,18836728,63593
1089.16546,,10111328,56449
1094.79256,,3178754,74281
1097.15786,,3550552,22761
1097.69594,,2990688,26833
1098.99357,,3314641,23273
1099.83311,,3001622,52149
1100.04145,,3064814,50964
1100.49268,,3142583,44029
1100.88518,,3288917,52922
1101.86009,,3221535,63199
1102.03627,,2989919,36190
1102.38395,,3053342,57118
1104.44057,,3363777,53504
1105.27772,,3736713,31124
1105.33129,,3045232,55487
1105.46251,,2972592,47585
1106.16751,,3156278,45362
1108.15914,,9661552,50676
1108.95384,,3045179,40493
1109.16431,,4469974,55604
1109.75844,,3172492,58717
1111.60817,,3170084,44532
1111.79717,,3288527,44548
1111.96788,,3215886,30963
1115.88707,,3042953,63573
1116.81351,,5544570,57728
1117.14855,,3187187,66267
1117.35641,,3772014,46262
1117.82659,,2961132,32494
1118.79278,,3445051,62872
1118.94004,,2966313,58410
1121.30608,,3525840,47481
1122.29468,,3110579,59573
1123.35492,,4116589,28176
1124.19624,,3182146,28098
1126.11334,,3020544,48461
1126.57026,,2951288,70456
1126.92332,,3046593,64768
1127.05678,,3097893,76982
1127.29286,,3015831,51722
1127.61715,,3076138,36191
1127.66908,,3368242,48187
1128.14431,,5629207,52244
1128.42678,,3284363,40618
1128.64444,,6450703,51309
1129.14574,,3900168,64833
1129.63769,,3069675,37336
1130.09296,,3015186,67870
1130.38645,,3029840,50385
1130.60247,,3093426,40013
1131.55324,,3031680,51648
1132.6319,,3590541,51336
1133.18508,,3208047,56919
1134.26892,,4043939,51487
1135.51538,,3205970,59950
1137.08895,,3014010,20572
1137.79456,,3413073,42710
1139.00696,,3173225,22019
1139.14249,,13481232,55783
1139.64482,,12068236,54532
1140.14739,,5643915,48900
1140.41749,,3756824,60051
1140.64754,,3932039,38462
1141.70645,,3040748,44744
1143.16712,,3349828,58024
1145.61824,,3057136,48414
1146.70911,,3151696,57642
1147.34954,,3167994,51869
1147.6584,,2995046,63829
1149.48472,,4399066,50502
1149.56164,,3198421,38822
1150.14003,,2994160,51676
1152.79497,,3490530,44760
1152.99241,,2987865,65467
1153.44263,,3077299,56594
1155.75036,,3433565,50913
1159.1722,,3080628,30712
1160.56774,,3489367,16022
1160.82507,,3697950,53240
1161.15802,,5050718,63806
1161.31582,,3409431,46918
1161.83201,,3685349,66362
1164.08075,,3014315,62452
1164.27036,,3937854,46342
1166.82972,,21334006,50061
1167.16538,,32559866,51782
1167.47219,,3026151,90959
1167.49904,,25174524,50257
1167.807,,3142122,73521
1167.83343,,16950526,53559
1168.16792,,6996226,53765
1169.79772,,3430415,42108
1170.35047,,3343130,45508
1171.60411,,2985412,53647
1171.81429,,3965831,34004
1172.13656,,3778050,36908
1172.22076,,3634626,34512
1172.5062,,3051567,32437
1172.79409,,3361150,65336
1172.82216,,3148309,58264
1172.98249,,3257649,39408
1173.81939,,10621978,56467
1174.15351,,17376798,53983
1174.48732,,11754783,51554
1174.73013,,3314876,17006
1174.82336,,6341028,60726
1175.15662,,3364455,56511
1175.19707,,3075462,53099
1176.03938,,3297747,35125
1176.4749,,3066213,36450
1176.52374,,3019051,63761
1176.79109,,3496283,50356
1177.15342,,3254885,26842
1177.64816,,3173940,57163
1177.67385,,3325449,61683
1177.81309,,3301173,39142
1177.89727,,3337367,38441
1177.95172,,3339393,47102
1178.6691,,3063182,60460
1178.87122,,3064778,33385
1179.74421,,3014034,43454
1179.8576,,3283689,46909
1180.74666,,3099741,48443
1181.73888,,3015776,48903
1182.56399,,3036129,46276
1182.6146,,3135881,30699
1182.84214,,3020282,35198
1182.90834,,3354350,20793
1185.4036,,3554116,41976
1186.12845,,2991289,77012
1187.69748,,2990174,38899
1187.7572,,3297197,53912
1188.13067,,3684400,30231
1189.68234,,3489482,47736
1190.41133,,3120515,50740
1190.80033,,3226034,25744
1191.77127,,3559080,50721
1192.74514,,3225566,50501
1193.27317,,3176699,58593
1193.48006,,3666524,70452
1193.81779,,5140581,60739
1194.15886,,4506030,40021
1194.39466,,3032486,41743
1194.77397,,3139278,29183
1195.04478,,3137346,19912
1195.30469,,3074349,56874
1197.20763,,11640890,54393
1197.54815,,3445060,56265
1198.21103,,6470986,60767
1198.90999,,3842445,29710
1199.1834,,3220098,24852
1200.9627,,3231088,53981
1201.18751,,3048608,49376
1201.88499,,3178113,62014
1202.17505,,3556580,41898
1202.27404,,3231458,32461
1204.11585,,3606434,36033
1206.77132,,3147535,36305
1208.11461,,3021033,51064
1208.34531,,3301757,45852
1208.50265,,4350457,50735
1208.70277,,3066581,51785
1208.86351,,3501219,30265
1210.78334,,3003184,26131
1211.37908,,3737987,60101
1214.0042,,3452745,54909
1215.75853,,3008550,56510
1216.56892,,3142176,41300
1217.60912,,3294606,47318
1218.60717,,3363356,50232
1219.6878,,3677801,26414
1221.13182,,3292563,22539
1221.43371,,3020895,35537
1223.78086,,3380333,52435
1226.23597,,3151085,52980
1227.66535,,3468491,16520
1227.79983,,3052020,49980
1228.53462,,3621796,23995
1229.36339,,3640060,40205
1229.86975,,3037704,46928
1231.82672,,5386369,50175
1232.16791,,5130508,47238
1232.66174,,3872590,54675
1233.3767,,3200189,49739
1233.43474,,3175402,50803
1235.37302,,3656405,43336
1236.75376,,3147404,53576
1237.49957,,3019602,49311
1238.5097,,3299175,37580
1239.01197,,3964272,38215
1239.53982,,3818507,48191
1242.04214,,3213100,32036
1243.60851,,3317170,51707
1244.18588,,3025972,30108
1244.52503,,3455390,42591
1245.48997,,3354606,50412
1246.60265,,3115920,55046
1247.2539,,3176460,54925
1248.38799,,3163392,44158
1248.47285,,3549378,40547
1249.4889,,4415449,36587
1250.2018,,3163981,28475
1250.26764,,3311351,53017
1251.85843,,3421518,52610
1252.04451,,3076383,48760
1252.6909,,25339798,50222
1253.19169,,22200602,46147
1253.43132,,3267669,69022
1253.6921,,10931103,53280
1254.19099,,5997603,53684
1256.59577,,3644528,43229
1263.22571,,3222343,15797
1264.66276,,3160352,52616
1265.12474,,3180357,54767
1265.22799,,3216149,46866
1267.28912,,3152784,60188
1268.36483,,3145807,58037
1271.70959,,3850341,36030
1272.5576,,3154675,57662
1273.14762,,3362682,48165
1275.82356,,6604935,56165
1276.15817,,10333064,53328
1276.49248,,6874504,56662
1276.82924,,4436747,67012
1277.16199,,4034699,54860
1277.61251,,3348487,37534
1278.16675,,3767696,47089
1279.42204,,3604117,52002
1279.87616,,3129713,48536
1280.33384,,3554448,48119
1281.50198,,3424401,48790
1281.84663,,22617496,47379
1282.18214,,27859098,47062
1282.51619,,23362970,48152
1282.66022,,3136008,51706
1282.85039,,14110362,47687
1283.1839,,8739226,45452
1283.30272,,3365493,27676
1283.9022,,3090400,25920
1284.48447,,3322301,57158
1284.90809,,3064193,53997
1285.47792,,3115446,52716
1285.61722,,3565953,34097
1285.77253,,3288343,37970
1288.86461,,3314449,44153
1291.66363,,13907430,47669
1291.91612,,3119399,48511
1292.1649,,14624868,51590
1292.66581,,11136226,43990
1292.76659,,3317870,39135
1293.16902,,8321376,46973
1293.68254,,4520614,39275
1294.19458,,4123028,28871
1295.8017,,3129553,32884
1301.22075,,3605370,36316
1301.97567,,3441268,41252
1303.13844,,6900706,52961
1304.21251,,3082123,52028
1304.33459,,3732103,36375
1304.79046,,3125663,41011
1307.20547,,3103256,47631
1308.50144,,3488486,36025
1308.73387,,3126356,46391
1308.83447,,5192351,51860
1309.17398,,3647646,35497
1309.44878,,3490348,41937
1309.50301,,3725078,75500
1311.08506,,3118040,49446
1311.17827,,4122173,48340
1311.3591,,3169685,34892
1313.73449,,3258658,31733
1314.98378,,3232987,49347
1316.65135,,3867125,40963
1316.95525,,3114648,39157
1317.13183,,3360284,43764
1317.60096,,3190904,54605
1319.5071,,4089921,39213
1320.5983,,3131308,57195
1320.88359,,3319743,47930
1322.91748,,4525090,28393
1323.87193,,3233444,17268
1324.93981,,3143449,37854
1330.17236,,3535045,38766
1331.51912,,3112481,52305
1332.45105,,3140237,34205
1333.84594,,4721032,48694
1335.96573,,5281813,41518
1336.0793,,3257384,53965
1336.13733,,3512338,48300
1336.77888,,3818981,37539
1337.22204,,3505352,19709
1339.27698,,3179647,62359
1341.37895,,3157748,69836
1341.7495,,3150754,14699
1343.53129,,3106187,46007
1343.79358,,4000008,46306
1344.78764,,3280662,53320
1345.12373,,3103818,50345
1346.5152,,3654644,55562
1346.84762,,7221732,51096
1347.10218,,3119707,25526
1347.18277,,7506389,54163
1347.43345,,3244761,28844
1348.13327,,3424129,48254
1348.54319,,3730344,49261
1349.1833,,5127283,40618
1349.90493,,3126040,41462
1349.95412,,3343452,49445
1350.191,,3537863,55323
1350.78357,,4133679,38292
1351.33658,,3771323,46177
1351.95722,,3739511,40044
1353.65907,,3533304,45600
1354.94133,,3168331,30966
1355.09836,,3337403,41918
1355.79437,,3916331,49222
1358.26905,,3144842,19179
1360.41277,,3613370,48184
1365.34045,,3355279,44426
1365.58713,,3404221,47243
1365.73986,,3515881,33338
1366.02878,,3231475,57128
1366.8912,,3446545,48389
1367.49377,,3256631,41421
1369.76526,,3269806,34507
1370.02495,,3174820,46126
1370.47802,,3545121,54533
1370.81498,,3958924,44730
1370.98688,,3122436,45003
1371.34005,,3368602,33771
1372.51525,,3627182,31957
1374.15072,,3227128,24853
1374.39285,,3401513,32462
1377.25495,,4051593,43071
1378.16866,,4555969,43099
1381.89182,,3141256,45022
1383.91247,,3332212,51179
1384.38729,,3211000,45186
1384.67621,,3201726,52632
1385.85489,,3807077,39288
1385.91554,,3132047,56408
1386.96856,,3465438,39046
1387.11532,,4293506,45148
1387.6617,,3166518,23387
1387.83206,,3809643,27881
1391.19104,,4251638,27385
1391.52978,,4103165,50573
1391.65774,,3433939,41783
1391.86148,,3712877,28422
1392.889,,3197717,53761
1393.02119,,3595439,54463
1393.1881,,3722015,38280
1393.2367,,4262656,61810
1394.93733,,3270589,52844
1396.02339,,3139736,41798
1396.86119,,17243404,44732
1397.09016,,3556311,26608
1397.19516,,23924204,46325
1397.52826,,24068302,43698
1397.864,,17828782,43562
1398.19817,,9520270,44084
1398.44044,,3151730,60708
1398.53476,,3549552,58848
1398.64547,,3837627,46081
1398.72432,,3325104,43881
1399.18728,,3545766,46984
1402.41236,,3188146,38938
1404.01449,,3788221,45130
1405.03186,,3469601,24366
1407.69747,,4344583,45845
1407.86968,,3196153,27074
1408.04329,,3353964,47012
1409.05865,,3305865,34217
1409.67962,,3326948,47993
1409.85369,,3890197,34628
1411.03633,,4229217,40783
1411.56194,,3435834,48394
1411.70109,,5000982,49749
1411.88102,,4764172,31847
1412.57126,,3343568,54873
1413.18422,,3970339,29194
1413.29361,,4198442,16312
1413.39374,,3487851,66019
1413.8367,,4060686,55357
1414.1468,,3450328,42459
1414.58442,,4435318,54556
1414.69749,,4037185,57910
1414.87654,,3242133,30103
1415.04004,,5191328,33214
1416.49253,,3386516,36756
1418.95018,,3424755,36512
1420.44047,,3304472,46086
1420.62974,,4078611,47428
1422.51984,,3674137,54889
1425.21417,,12583133,45417
1425.58229,,3912106,26286
1425.71546,,9828127,45173
1426.09755,,3308116,53787
1426.21909,,9468515,40888
1426.42948,,3353834,40414
1426.72072,,5442724,35796
1427.76618,,3500672,33739
1427.9471,,3580084,15941
1429.25912,,3231097,56119
1429.51009,,3859674,22703
1429.87223,,9422976,36832
1430.04333,,16280044,39546
1430.20939,,19974232,47036
1430.31805,,3231771,40076
1430.37749,,20170946,39299
1430.54312,,12862763,44138
1430.71146,,11276438,47517
1430.87932,,10359040,42467
1431.00685,,3377234,46570
1431.04911,,4959213,49779
1431.83502,,3959392,29579
1432.37257,,5472181,43075
1432.53989,,8831006,46124
1432.61144,,3273869,43423
1432.70824,,17079432,43774
1432.87473,,16001779,42904
1433.04159,,19481948,43367
1433.21023,,14757831,45037
1433.37559,,8540464,48086
1433.54412,,9773210,42451
1433.87901,,4502062,44206
1434.05063,,3296346,60038
1434.32579,,3163785,56775
1434.52223,,3242246,44583
1435.03274,,3443399,43011
1435.15483,,3454932,40502
1435.53811,,4617990,44150
1436.14332,,3664355,27502
1436.21853,,3840307,58152
1436.53869,,7418619,43902
1436.67263,,3888464,63853
1436.70967,,6458215,62129
1436.87464,,10384846,47358
1437.04092,,9406007,48659
1437.21093,,6448034,50049
1437.37409,,4286217,54952
1437.53975,,3452016,61345
1438.35037,,7113583,39756
1438.52216,,6798297,49477
1438.68833,,11820097,44480
1438.77804,,3360634,63326
1438.85457,,10071466,41115
1439.02478,,8311829,44169
1439.19042,,4690876,37340
1439.3536,,6184291,35817
1439.52437,,4152013,38434
1439.70628,,7285951,54607
1439.74882,,3178713,74098
1439.87453,,8519464,46690
1440.04414,,11261074,45034
1440.21021,,9185529,42967
1440.37476,,6877792,40380
1440.61446,,4337270,19566
1441.26655,,3424013,53110
1443.88577,,4542699,39589
1445.16936,,3821062,45501
1446.68782,,3431217,31483
1448.18852,,3609038,57997
1448.52765,,4493470,52984
1448.86086,,4156140,57830
1449.52532,,3245571,61763
1449.93723,,3998080,55172
1450.36836,,3886473,45336
1451.31636,,3339245,33492
1451.56193,,3222179,50106
1452.04697,,6023308,41663
1452.21739,,9800948,44128
1452.3838,,12666969,51081
1452.54858,,13230014,42061
1452.7187,,13837606,45865
1452.88697,,8060044,51542
1453.04914,,5795184,48240
1453.7002,,3203835,50965
1454.88245,,26060362,39668
1455.04866,,88075952,40011
1455.216,,159201040,40267
1455.38323,,199460736,40728
1455.55056,,190199776,41090
1455.71735,,158980160,40515
1455.88448,,111405224,41060
1456.05141,,75876624,39944
1456.21903,,37786996,41932
1456.38696,,20633564,40234
1456.55335,,10172224,37251
1456.7269,,5980586,31955
1456.89415,,4543886,42514
1457.01153,,3478740,65682
1457.05828,,4878129,34743
1457.22362,,3538646,53612
1457.37943,,7648563,46747
1457.54845,,24032920,39582
1457.71507,,43137276,39572
1457.88085,,75394400,39937
1458.04798,,94318024,39591
1458.21445,,89005608,40715
1458.38177,,74997392,41655
1458.54882,,47529716,40939
1458.71613,,30876506,40902
1458.8811,,18089406,43208
1459.05005,,13531172,47457
1459.21808,,6807944,56450
1459.26926,,3266215,45920
1459.38498,,4575853,60749
1459.54746,,7359694,41775
1459.70859,,3960496,43042
1459.76148,,3621136,46908
1460.05241,,6389119,43158
1460.21478,,5035232,55797
1460.38457,,6088902,43518
1460.55173,,6293674,46354
1460.72366,,3859090,41533
1461.57042,,8880910,45272
1461.71394,,14493027,40229
1461.87724,,24555206,48425
1461.91409,,6009051,79480
1462.04873,,26596140,40775
1462.21192,,26645390,51410
1462.248,,7369636,66160
1462.38257,,21735924,40612
1462.54606,,14834773,51716
1462.58253,,3943531,49864
1462.71666,,8971707,49263
1462.87731,,4468251,75306
1463.23996,,4400116,51848
1463.53986,,4744231,56380
1463.70868,,4767371,49917
1463.87917,,3508465,60891
1464.04091,,4292690,64967
1464.21037,,4640822,43594
1464.29309,,3724200,40140
1464.38338,,5356830,51222
1464.54673,,4273279,36759
1464.8049,,3957785,56169
1464.8855,,4636040,12188
1465.36669,,3311591,67536
1465.71001,,4731252,32909
1465.79663,,3585895,57673
1466.35113,,3949104,55467
1466.4616,,3442289,57315
1467.87362,,3204405,66900
1468.04588,,4401308,60457
1468.2143,,7489662,44403
1468.37786,,8272863,53159
1468.55053,,9216326,50313
1468.71198,,5336485,59077
1468.88247,,5917449,36009
1468.92456,,4027939,46313
1469.05352,,3473774,48647
1469.35683,,3623841,37507
1469.39576,,3344185,62905
1471.37425,,3917636,57881
1472.23504,,3713213,50581
1472.27054,,3927889,54394
1472.54985,,3202933,59738
1472.73042,,3394527,62915
1473.78522,,3431367,69222
1474.05414,,3412324,75236
1474.40227,,4194607,25170
1474.53676,,3755133,55316
1474.56697,,3503887,64618
1474.91966,,4353628,62256
1475.1977,,3774591,66138
1475.38317,,4452203,39510
1475.41643,,4895999,56387
1475.44855,,3761937,80643
1475.51038,,3187637,81995
1475.69227,,3266206,72479
1475.81088,,3375331,87470
1475.94185,,3505840,76206
1476.00938,,3491159,69175
1476.2078,,3255371,80387
1476.2414,,3222750,86405
1476.68521,,4044767,77665
1476.7978,,3235104,100387
1476.88883,,4200278,76376
1476.91888,,3357030,73941
1477.00979,,3347483,69336
1477.05141,,9205171,55724
1477.10654,,3541460,94902
1477.22317,,27863576,44249
1477.29461,,3644736,82270
1477.39018,,40744568,42966
1477.48263,,3783726,70076
1477.55784,,56816344,43308
1477.72494,,57312056,43026
1477.89158,,57002904,42310
1477.99267,,4063444,63665
1478.05978,,45602812,43535
1478.14877,,3571118,54391
1478.22685,,31431772,43184
1478.31207,,4111501,84561
1478.34146,,5453471,85739
1478.39692,,18872510,48049
1478.44116,,5379800,70491
1478.47342,,3404010,82226
1478.56167,,13105949,30671
1478.61605,,4761404,60052
1478.66169,,5381591,56321
1478.69564,,4441451,80780
1478.73444,,6913921,61855
1478.79292,,4014500,48918
1478.84336,,3928896,29665
1478.89971,,9122273,62771
1478.92896,,3320818,118570
1478.96001,,5077380,49352
1478.99556,,3665433,52259
1479.03285,,4790062,62452
1479.06453,,6366784,65688
1479.08905,,4838991,43027
1479.12234,,4851681,51712
1479.1469,,3628912,65838
1479.17253,,6566527,73189
1479.20236,,5118607,94124
1479.24186,,7827366,46581
1479.30525,,5115083,48315
1479.33637,,6536157,67869
1479.36858,,8063727,64536
1479.40029,,11473665,56372
1479.44071,,6995737,60433
1479.49872,,8270650,52932
1479.53631,,13278032,40548
1479.56843,,16437090,46564
1480.05625,,262246528,37291
1480.22308,,1015492800,39426
1480.38924,,2065051904,39893
1480.55567,,2710712832,40199
1480.72248,,2809541120,40224
1480.8895,,2336567808,40111
1481.0569,,1626550912,40134
1481.2244,,1018508032,39676
1481.39207,,569717632,39368
1481.55948,,281777120,37923
1481.72698,,154412096,36904
1481.89498,,75740312,35494
1482.05981,,53018872,31737
1482.16006,,6998836,45223
1482.22926,,32057690,31274
1482.39075,,51980728,33786
1482.44816,,7888345,66588
1482.50688,,11179515,46523
1482.55646,,106501656,36717
1482.61134,,7044663,74075
1482.67809,,8590940,83070
1482.72408,,159475312,38178
1482.84577,,9979581,76863
1482.89119,,154584784,38437
1482.97991,,7178506,76997
1483.01206,,10075419,66764
1483.05802,,128096056,38832
1483.22409,,91187096,37856
1483.39132,,44021748,39463
1483.55623,,18605650,40153
1483.72006,,7070640,53295
1483.88547,,4132878,75472
1483.96382,,4937531,66666
1483.99821,,3379152,81845
1484.05747,,3342961,82741
1484.15657,,3839913,74161
1484.2516,,3932895,82611
1484.36239,,4123679,69246
1484.61196,,3210925,87637
1484.81384,,3537440,86728
1485.09869,,3431875,68920
1485.40064,,3811694,73368
1485.51526,,3323824,82303
1485.80682,,3301333,65242
1486.11311,,3463299,65010
1486.38314,,3951901,67585
1486.84276,,3746977,57174
1486.97223,,3657578,66272
1487.24958,,3408520,76566
1487.85958,,3286497,69386
1487.97739,,3826724,45634
1488.01469,,4640825,58261
1488.3995,,3476882,52568
1488.95068,,3253194,79141
1489.12096,,3387561,59275
1489.43647,,4241755,65186
1490.60022,,3289578,64216
1491.65536,,3463867,65229
1492.39413,,4295640,52711
1492.48878,,3577229,51189
1492.73115,,4126485,66526
1493.10063,,3583971,23263
1493.76276,,3581269,54399
1497.29998,,3892610,45679
1498.54519,,7713585,44755
1498.78072,,3259571,36286
1498.88035,,15297001,43035
1499.21406,,16804512,42630
1499.55123,,11414363,42688
1499.88192,,3400337,35349
1504.20523,,3626956,53683
1504.72305,,3209988,35588
1505.09876,,3456497,43002
1507.01454,,3525437,48661
1507.2085,,3242790,54510
1507.45929,,4112173,44307
1507.72891,,7779519,42036
1507.97773,,9407044,47107
1508.22825,,10729676,43811
1508.47872,,6645843,50921
1508.72663,,4632663,50697
1510.26859,,3364947,31675
1511.14535,,3453671,37253
1511.56485,,3232583,36059
1512.55422,,3324118,44778
1512.96249,,3930352,40868
1514.28592,,3290094,32296
1514.63373,,3395302,49648
1515.24266,,3735592,31660
1515.5185,,3605241,40056
1517.0067,,3406409,51171
1517.74221,,3538956,56868
1518.19027,,3542647,55612
1519.57503,,6921419,41198
1519.73825,,3588065,33652
1519.90542,,4448504,49059
1519.98669,,3575970,52857
1520.50887,,3476338,22770
1522.1762,,3359573,48734
1522.38901,,3372483,38158
1523.21872,,3516976,53929
1523.61572,,3740477,42714
1523.97473,,4628664,45427
1524.4348,,3510820,20739
1525.04024,,3521756,51559
1525.64443,,4015890,63527
1525.82303,,3880046,56287
1526.75353,,3214283,84696
1526.79011,,3891677,77620
1526.89081,,3478034,73183
1526.92348,,4123169,68740
1526.96829,,3472185,80764
1527.09889,,3958652,88217
1527.17852,,4036773,67669
1527.23544,,4441025,84560
1527.27031,,4617172,63241
1527.31154,,4062697,86784
1527.34891,,3969019,66389
1527.41396,,4370717,34909
1527.45482,,4038705,78036
1527.50924,,4592462,66277
1527.55227,,4874595,68281
1527.58713,,3995765,77786
1527.65381,,3863447,74060
1527.68774,,4092328,79412
1527.72423,,3557562,74266
1527.81391,,3565033,83445
1527.84572,,5213689,78697
1527.87819,,3288842,93878
1528.12097,,3781766,80207
1528.18207,,3782053,79705
1528.24682,,3283142,49901
1528.29202,,4726749,78866
1528.34228,,4182262,69792
1528.39718,,5142290,75491
1528.43097,,4841251,74161
1528.55504,,3991651,68050
1528.60428,,4613500,51426
1528.64626,,4411793,73432
1528.68169,,5204388,72520
1528.74469,,4809667,32383
1528.8028,,3283808,64060
1528.83598,,5840882,74589
1528.8793,,4544776,53940
1528.92244,,4355613,63846
1528.9696,,3452085,62661
1529.03349,,4806998,69867
1529.10012,,4459896,59328
1529.14678,,4410320,41823
1529.19511,,4192681,67882
1529.22941,,4567226,76441
1529.26304,,5251275,71460
1529.31653,,5779174,60006
1529.35244,,4586232,64556
1529.39579,,4605711,63204
1529.42373,,3944221,56949
1529.44918,,3221546,86082
1529.48585,,5853756,57137
1529.53233,,4633940,47819
1529.58017,,5477228,35384
1529.66975,,4980249,52671
1529.71125,,5668014,53815
1529.7514,,4852675,63365
1529.78973,,6600919,55452
1529.83125,,5677292,64182
1529.8801,,6139652,43896
1529.9189,,5810968,57099
1529.95042,,4978600,29775
1530.00211,,6163522,32429
1530.03994,,5284566,42200
1530.07135,,5215846,40270
1530.10632,,7291511,42573
1530.14318,,7230602,41672
1530.18338,,8403358,32823
1530.22695,,9991860,38542
1531.30913,,3604568,49644
1531.84803,,3889000,45042
1534.60649,,3592338,47362
1534.90621,,4183272,38414
1535.0092,,3686396,30510
1536.29112,,4234204,34341
1536.986,,3843828,61369
1537.23572,,3477872,47136
1537.42296,,4786126,38919
1538.02132,,3347318,27228
1538.09241,,3445881,32684
1539.21913,,3698695,24848
1540.52845,,3800844,24329
1541.24198,,3982379,52235
1541.93357,,4311422,47324
1542.0993,,8368847,41559
1542.27374,,9729571,41772
1542.43887,,12035957,37786
1542.60665,,13180614,39255
1542.77566,,8326937,40663
1542.93608,,6252648,37387
1543.10547,,4599483,50900
1543.2746,,4463692,33192
1544.03011,,3250524,17893
1545.26395,,3907028,33787
1545.43652,,4597544,37517
1545.60432,,12274041,39646
1545.77366,,7023306,40527
1545.93686,,9341466,37705
1546.10203,,6454762,44782
1546.19211,,3818389,28580
1546.27135,,6856764,39239
1547.37191,,3780366,23321
1547.43252,,4435691,44606
1547.63319,,5521100,50776
1548.03398,,4208397,55246
1548.09121,,4511017,49700
1549.2952,,3424233,41768
1549.94606,,3315361,50971
1550.11424,,4869362,45103
1550.61321,,4580063,62717
1550.65501,,3601011,46903
1550.83977,,5091404,45168
1551.54459,,3404378,38189
1551.72337,,3228047,39024
1552.97294,,3581823,47574
1554.04694,,4233083,30926
1554.30459,,3806324,23060
1554.46486,,4026880,29580
1555.12075,,3248692,56043
1555.43146,,3472325,47838
1555.90703,,4088613,44175
1556.4829,,5724210,48890
1556.72624,,3563939,56154
1556.97859,,3392026,41620
1557.11174,,3331287,38558
1557.32413,,3233467,51413
1557.64674,,3590353,50103
1558.45025,,3555207,36196
1558.58521,,4081797,42857
1560.21734,,3243834,12498
1562.4119,,3556460,42439
1562.82849,,4658090,32714
1563.15675,,3360704,46596
1563.25051,,16491756,34869
1563.45652,,3271242,34728
1563.58254,,27402628,39393
1563.91762,,28830236,40973
1564.25263,,17478838,41983
1564.58744,,10524749,43691
1564.92303,,5259110,44380
1565.25453,,4819452,39331
1568.21688,,4141238,47652
1568.84362,,3249616,35029
1569.44779,,3845342,51266
1569.58155,,4827226,27567
1570.25729,,3255368,46796
1570.58281,,3632921,44347
1571.9414,,3537301,28185
1572.87342,,3452882,43542
1573.93644,,3295847,12876
1574.25772,,3804596,46282
1574.50225,,7776671,42690
1574.75124,,9489933,39672
1574.88306,,3238535,38579
1575.00426,,8727932,40988
1575.25447,,9548778,38881
1575.50638,,3520920,49309
1575.62272,,3363788,34857
1577.25013,,3314257,37349
1577.44473,,14240678,37509
1577.52009,,4082886,49810
1577.64261,,24894972,39496
1577.74271,,3587880,46039
1577.79517,,4335934,58396
1577.84496,,26540628,38910
1577.98804,,3249554,64727
1578.04656,,24814762,38101
1578.11015,,3601863,47817
1578.24732,,16635650,41772
1578.44802,,12057945,43788
1578.64254,,7152558,43952
1578.72322,,3558736,49215
1578.85002,,5251079,49368
1579.04662,,3814556,47585
1580.26083,,4630120,42855
1580.65608,,5560273,31325
1581.23197,,3406792,41627
1582.82276,,3329648,42986
1584.72812,,3498457,48462
1585.46709,,3619345,30123
1588.11475,,3382696,24573
1588.22006,,3968020,48235
1589.1759,,3451042,53221
1589.63523,,3376417,37415
1589.99658,,3923703,26107
1590.83645,,3725650,27681
1592.86925,,3726102,35688
1593.68709,,3563428,42806
1593.99108,,10840544,40220
1594.19037,,4383282,48295
1594.23921,,15147845,40582
1594.49266,,11951532,41243
1594.68914,,3480444,53077
1594.74014,,11566353,42312
1594.98789,,4807542,47384
1595.20934,,4274960,24886
1595.43266,,3744234,28108
1595.49213,,3760995,23390
1597.6342,,4092290,22883
1597.77468,,3641052,8746
1597.83669,,9900020,33669
1598.0337,,14890307,40689
1598.23316,,19846036,41833
1598.3863,,4063568,52996
1598.434,,19317732,38848
1598.63437,,16052276,42978
1598.83674,,9036165,45732
1599.2412,,3401382,64472
1600.26594,,3434750,48518
1600.66052,,3348635,14860
1601.70514,,3721113,27165
1601.92196,,3352718,48363
1604.72901,,3350106,26313
1605.21062,,3324567,47226
1608.53959,,4074587,39592
1608.70567,,3310363,55214
1609.21374,,3571550,61369
1610.56347,,5154336,29053
1612.5329,,3477672,15456
1613.26251,,3643292,41185
1613.34097,,4156537,34942
1615.55364,,3506067,19685
1615.76759,,3296514,40701
1617.53779,,3256784,36676
1617.94162,,3852228,18550
1618.4991,,3690096,48345
1620.84081,,4035270,20523
1621.2442,,5391703,36555
1621.64839,,3871465,47296
1623.00412,,4173521,31980
1623.609,,3671625,28976
1623.75012,,4547995,29847
1626.50123,,3290571,12514
1630.12781,,4185949,32230
1632.83156,,3423485,25267
1633.65765,,3327063,38348
1634.75073,,3857224,34248
1635.43192,,3396654,34369
1636.93006,,3630756,41654
1637.22509,,5269703,21693
1638.5096,,3307249,35290
1638.64576,,5253855,34861
1638.85113,,6079906,46540
1638.98935,,3413839,53876
1639.05315,,5227748,47485
1639.25141,,3551270,56267
1639.49436,,3971062,21024
1642.32555,,3766707,20293
1643.67839,,3483208,34816
1644.12435,,3298263,39558
1644.56271,,3780451,22185
1645.01721,,3651893,24761
1645.6611,,3813186,39390
1650.51946,,3573942,36114
1650.76222,,6699906,31345
1651.01986,,5029841,52018
1651.27018,,7651359,40868
1651.45537,,3752023,43128
1651.52516,,6154732,27645
1651.70524,,3694884,47389
1652.35935,,3317485,48148
1653.44824,,3717113,42597
1654.86502,,3409319,41566
1656.14284,,3373608,36259
1658.61431,,3468808,43033
1661.4137,,4446783,32523
1662.7485,,3531457,32396
1662.8588,,3468769,47534
1665.13061,,4434478,32100
1665.46195,,3583499,19383
1666.97361,,3406904,40152
1667.03884,,4484554,45314
1667.24504,,7100805,40810
1667.44704,,4123645,33639
1667.64002,,6544116,40174
1671.26222,,3342468,20078
1672.23928,,3815408,24677
1674.69673,,3558732,39960
1676.24829,,7932461,33285
1676.39191,,3677331,34698
1676.50218,,12517488,38395
1676.75035,,10502323,36393
1677.00167,,4105846,47751
1677.25221,,8909113,40952
1677.6374,,4847711,34037
1677.85145,,3644440,36851
1678.04936,,4016844,33922
1678.26267,,6798149,36650
1678.601,,18276254,36546
1678.93557,,22411254,35176
1679.26749,,17503310,36688
1679.6051,,11366822,36955
1679.93654,,6864382,39079
1681.00152,,3813459,15896
1681.20315,,4219720,39005
1681.48981,,3338259,37340
1682.00141,,3624983,22421
1682.45425,,3322924,23613
1684.41102,,4329795,36130
1684.62627,,6682810,37912
1684.95775,,7037710,42691
1685.29022,,4949731,49147
1685.94092,,4288648,29729
1687.24468,,6208208,29757
1687.33622,,3727719,31126
1687.75683,,4115200,22803
1691.0049,,4065462,29946
1691.20362,,3507303,45739
1691.57009,,3357121,44049
1692.65176,,3330441,41685
1695.76364,,3450103,41943
1697.03155,,4062469,15659
1698.49268,,3980926,44180
1705.51138,,4390543,36447
1706.17989,,3603941,40622
1707.65945,,6977329,40111
1707.78761,,3882445,40921
1707.86009,,10615901,37197
1707.97404,,4273527,36389
1708.05746,,11491209,37612
1708.26143,,7713463,44814
1708.45883,,6053347,41430
1708.67017,,4625042,40524
1709.49542,,3833287,38496
1709.58534,,3351003,23734
1711.37781,,7575653,28245
1712.8022,,3381658,20187
1713.29729,,3840277,22398
1713.74185,,3491301,45878
1714.83067,,3687758,42778
1715.25213,,3359912,38401
1716.93585,,4597069,32048
1717.2809,,3334678,45339
1718.39313,,3348672,45242
1719.55364,,3509937,37198
1720.00028,,8717198,40755
1720.75604,,3881642,40071
1722.63952,,3493037,32393
1725.10281,,3445024,41840
1726.84952,,3335934,50624
1727.41594,,3676974,34541
1727.72624,,3503852,33923
1727.91139,,3369200,30253
1729.2037,,3386064,16422
1730.52757,,3445394,36631
1730.62141,,3977956,30542
1731.35924,,3581748,29337
1731.80452,,3561674,41381
1732.77511,,4715141,41312
1732.97792,,3864236,35195
1733.03597,,9868471,39011
1733.20427,,3672024,47604
1733.284,,11979495,34299
1733.53595,,11154455,40383
1733.7843,,9722951,31725
1734.0378,,8404343,33431
1734.28596,,3314727,62423
1734.58383,,3427808,15563
1735.00461,,3700847,42859
1735.27357,,3428131,41941
1736.29287,,3999780,45324
1738.48536,,3985726,35538
1738.71371,,3876840,39573
1739.78047,,3331950,43232
1743.59115,,3363814,42213
1744.76627,,3661977,25463
1745.24252,,3326991,51225
1746.76492,,3891038,25565
1747.55707,,3574762,34585
1749.24618,,4941395,40869
1754.29629,,3425753,18367
1755.26809,,3809182,13469
1755.85542,,3451457,36779
1758.27698,,3563670,35960
1758.51864,,5067262,43263
1758.76459,,11984807,37260
1759.014,,11969744,35359
1759.26847,,9031674,41670
1759.52052,,5314340,39058
1759.77064,,4316109,47869
1760.81806,,3339193,40872
1761.07304,,4269827,23039
1762.05058,,3335042,39267
1763.8699,,3781865,47386
1764.66173,,3552616,37042
1765.79938,,3759773,24882
1766.88806,,3437898,42238
1767.45991,,3761381,28685
1768.07306,,3398149,40998
1768.49546,,4454984,22562
1769.41118,,3619543,30329
1769.71807,,4040903,37295
1769.82066,,3655639,36421
1771.48229,,3596697,33761
1775.66017,,4071767,34683
1775.88841,,3404601,51079
1776.51345,,3316263,19441
1777.03856,,3880230,38352
1777.85346,,3814368,30889
1778.4584,,4525690,28866
1778.58463,,3294860,28226
1778.72141,,3310817,31168
1779.42713,,3537738,46508
1779.79758,,3593984,31460
1781.85724,,3426927,40769
1782.91955,,3911497,29696
1785.97019,,3869761,31040
1786.50631,,3982990,30318
1786.63352,,4608096,45602
1786.96464,,6070671,45688
1787.29074,,5831870,38524
1787.9736,,3476638,47935
1788.03595,,3388903,42958
1789.66736,,3347597,20448
1791.97318,,3587791,31525
1792.3685,,3310790,31720
1792.50889,,4269850,23386
1793.28245,,6504324,35748
1793.61252,,10087218,36243
1793.88955,,3941976,54537
1793.95022,,14188640,33947
1794.28066,,10629773,38208
1794.62158,,9127612,36200
1795.69732,,3785359,28032
1796.73532,,3688604,38772
1797.31069,,3401642,34829
1798.01377,,3517705,48718
1799.62902,,3689282,18350
1800.24449,,3342900,31532
1801.0888,,3578724,36580
1803.4084,,3754583,27913
1805.02982,,3686059,19833
1805.85388,,3501719,40514
1805.96633,,4101733,33618
1806.20056,,3512771,28900
1806.63745,,3916540,20365
1807.26351,,3429901,31052
1807.78199,,4433168,31729
1807.95241,,3300422,29349
1809.2788,,3807952,36285
1809.54427,,4915954,18469
1809.75585,,5589133,23420
1810.04481,,3932082,43858
1812.30155,,4007312,32099
1812.59537,,3980278,44826
1812.68693,,4250049,34978
1812.77408,,3356300,40308
1815.57826,,3759404,31797
1816.20819,,3736282,19984
1818.43375,,3804941,37628
1819.87811,,4105278,33740
1821.00218,,4263368,33437
1821.53788,,3945993,25337
1821.97551,,3973822,34925
1822.107,,3587438,13867
1822.72282,,3616857,40403
1822.98287,,3935480,30691
1825.7889,,3508810,44247
1827.68575,,3334317,25764
1829.65236,,3623190,42261
1829.85973,,3373038,9599
1830.25248,,3428701,37047
1832.14924,,3817787,29074
1834.32308,,3659001,30272
1834.79861,,3665712,32872
1834.8752,,3410617,14284
1837.1572,,4056001,35755
1841.49864,,3529938,22279
1841.8961,,3967007,33431
1843.0619,,4530724,33338
1844.52559,,3379593,44227
1845.27015,,3617692,42916
1845.50136,,5093623,29870
1846.73032,,3387649,44593
1846.85792,,3333071,47860
1847.09891,,3504810,27070
1847.85067,,3499326,37988
1851.97546,,3504265,35733
1853.9162,,3546656,25120
1854.36911,,3407634,39706
1855.14128,,4459303,24663
1856.5297,,3738175,18132
1857.21362,,3612682,35005
1857.31702,,4091478,29358
1862.09035,,3515935,37434
1862.34044,,3571577,34222
1863.1243,,4194191,19826
1863.45188,,4446002,29051
1864.08203,,3809031,19376
1864.21941,,3645893,24706
1865.83283,,3806516,38819
1868.13689,,3340333,32188
1868.46494,,3985680,30088
1868.73301,,3622637,37615
1869.41327,,6451446,34726
1869.93641,,4401583,35884
1872.83084,,3309765,20424
1877.0289,,4264359,26662
1878.1438,,3999646,36056
1881.02181,,3838481,39047
1884.32152,,3580689,24781
1885.10533,,4024901,27153
1885.18411,,3633293,26966
1885.33965,,3535326,26102
1886.30735,,4440581,33812
1886.81509,,4496443,31168
1888.04646,,3423807,40969
1888.25131,,3512533,45362
1888.48689,,4413102,32256
1888.63816,,5854334,39525
1888.98386,,5141667,35198
1889.06949,,3431084,39614
1889.32076,,3681607,48335
1889.79093,,3569177,27712
1890.93352,,4230643,36838
1892.95669,,3554571,36883
1893.18316,,3831843,34183
1894.30185,,3531227,31830
1894.91362,,3385308,31110
1897.78718,,3883312,25373
1899.89705,,3452435,28766
1900.48143,,3436337,34936
1900.90714,,3412063,34691
1903.4757,,3409268,33526
1904.48516,,4127009,31548
1905.17099,,3916523,41603
1906.05324,,3649290,34390
1907.71503,,3314367,21204
1908.04093,,4090210,33649
1908.64068,,3858595,28909
1908.77428,,3833778,29217
1908.96513,,4762502,36591
1909.28419,,4269929,25591
1909.63073,,4975183,32274
1911.15026,,3375092,31933
1916.46552,,3543803,27773
1917.58052,,3574134,38753
1918.6431,,3715436,10585
1920.10774,,3719118,32685
1920.48736,,3370744,26674
1926.28857,,3455810,29968
1926.46688,,3631958,11038
1928.42478,,3340580,11277
1929.2384,,3627856,37835
1929.32525,,4022298,43340
1930.7678,,3961983,18086
1931.30687,,3847868,14279
1931.64704,,3764323,29720
1932.94189,,4239032,27859
1933.18935,,3490132,34019
1933.44006,,3720497,42074
1935.26495,,3941252,33607
1936.88145,,4219456,29568
1938.81669,,3566050,32276
1939.03173,,3326779,27270
1939.65958,,3442821,26490
1940.24281,,3860937,34468
1941.11165,,5347184,27906
1942.88662,,3480066,31014
1943.02716,,4320211,20191
1943.48563,,3953801,21510
1943.63823,,4595868,28624
1943.74209,,3560040,24285
1944.79895,,3611622,38463
1946.44478,,4065131,30999
1946.70397,,4031179,28999
1947.8522,,4203990,28004
1949.87319,,4135243,45709
1952.32782,,3817272,23134
1952.60746,,3735706,35279
1952.87872,,3353020,38204
1954.13531,,3774935,27553
1954.58179,,4691983,29035
1954.72886,,3428385,25206
1955.37866,,4246130,28702
1956.59559,,3744650,25734
1957.64713,,3372046,23610
1957.86979,,3446634,37088
1958.7314,,3607383,21032
1958.88539,,3337322,35677
1959.14482,,3338635,17125
1959.39833,,4464620,34317
1960.08477,,3888643,29563
1963.18871,,3834920,9762
1965.96545,,3571768,36859
1967.57935,,3900428,31885
1967.85265,,3498704,25140
1968.63523,,3375415,22921
1972.07962,,4575650,29961
1972.56021,,3438818,37328
1972.75762,,3743676,40779
1973.338,,3994634,20486
1973.65193,,4062325,23857
1974.30432,,3709965,14182
1977.21984,,4867867,31533
1977.47411,,3729661,28681
1977.69543,,3576924,26318
1978.1488,,4316058,27719
1978.41197,,3569854,40603
1978.805,,3411509,31087
1979.56739,,4040094,31192
1979.68866,,4603631,36716
1979.87783,,4115401,24697
1980.74333,,4553346,30873
1982.30728,,4442588,32822
1982.93941,,3335829,26361
1983.1044,,4134412,28135
1984.82049,,4338559,17907
1987.48755,,3545884,26517
1989.37936,,3341773,46572
1990.20664,,3442117,37464
1990.38809,,3754976,28406
1991.73623,,3350949,30055
1992.05077,,4354003,24884
1997.77733,,4612390,27756
2001.20173,,3382638,23355
2006.61567,,3648692,26402
2008.24402,,3806965,27569
2010.01435,,3351438,19276
2010.63717,,4131698,40555
2011.07744,,3791391,21373
2011.32773,,3555168,37953
2011.98949,,3733002,31807
2012.53094,,4230050,28269
2013.83258,,3605812,29175
2015.06237,,3329756,20358
2015.73159,,3808105,32110
2017.20169,,4201242,32227
2018.32988,,3654549,31665
2018.56433,,3414844,32317
2018.88377,,4046449,24897
2020.7083,,4080609,30047
2020.97008,,3714829,38156
2021.91796,,4059372,28757
2023.75156,,3621058,25469
2025.15532,,3723282,29185
2026.66448,,3474388,34320
2027.62556,,3546042,32408
2027.81771,,4135067,32616
2028.17821,,4161626,39143
2029.89796,,4493573,38185
2032.40704,,4141054,45719
2032.51573,,4069361,44055
2036.35082,,3393534,36003
2037.62078,,4061347,12496
2038.17535,,3948231,24780
2039.89653,,3533570,32508
2040.55452,,3860282,26752
2041.93448,,3861881,37669
2043.18665,,3358432,41596
2044.11628,,3541390,27915
2046.3185,,3484139,26589
2050.2127,,4133712,25945
2050.60606,,3757627,11048
2050.8637,,3343341,26563
2051.86556,,4662734,28847
2052.19467,,3558542,30518
2052.32081,,3974790,22966
2052.52997,,3624207,20639
2052.7691,,4065662,37802
2054.75876,,3644418,40639
2055.57923,,5114980,24459
2055.86198,,3632155,45558
2056.05358,,3374080,35414
2056.29394,,3353904,29508
2057.67669,,3527746,42667
2059.70068,,3826582,19309
2061.01205,,3365150,31922
2061.1586,,4067771,28846
2062.94912,,3609319,19602
2063.97245,,3473207,25435
2066.65093,,3597023,10222
2068.96818,,4952769,26247
2069.10581,,3476766,37628
2069.29215,,3869733,23751
2069.79002,,3405102,20971
2069.9816,,4253013,28867
2070.85104,,3470669,25993
2071.0746,,3612732,35428
2071.45688,,3732877,30141
2071.96763,,3595321,25458
2073.60736,,3543703,37347
2075.10526,,4026328,38168
2076.73252,,3797304,29483
2078.019,,4750736,18492
2079.04556,,3438192,28883
2081.47924,,4223176,32594
2081.56919,,3861596,32491
2083.36888,,4411181,23025
2083.55581,,3369814,39124
2083.74808,,3889217,18990
2083.91957,,3696104,32883
2084.771,,3683751,29873
2085.02265,,3614655,11937
2085.47035,,3755524,27131
2085.8054,,3537552,35786
2086.76641,,3424298,36830
2087.84801,,4025024,22915
2088.39542,,4053853,34416
2088.68801,,3590943,33498
2090.36137,,4163552,29042
2090.5262,,3620486,30964
2091.44554,,4919322,34924
2092.07572,,3500205,41205
2092.16798,,3462370,21511
2092.73902,,4078407,35022
2093.0044,,3424069,25449
2093.44014,,3719275,27996
2095.75393,,3864587,27890
2097.55106,,3538293,26841
2098.41576,,4060036,36460
2099.1164,,3792620,23577
2099.37125,,3932552,11026
2099.89957,,3640872,25082
2101.18282,,3926365,25995
2104.91049,,3355948,27222
2106.77042,,3499672,18414
2109.49492,,5124256,26474
2109.99173,,3414749,24434
2110.75482,,4626845,23917
2113.92735,,3366532,25180
2114.21036,,3783820,30488
2114.77017,,3561691,26563
2115.23057,,4252434,18489
2115.90755,,4140416,34693
2116.03839,,3618723,24856
2119.06831,,4391864,23747
2119.25137,,3382311,27187
2122.34629,,4292121,36378
2123.38485,,3378669,38580
2124.4257,,3380100,35464
2124.83266,,3450161,30029
2125.13448,,4563970,21504
2125.8454,,4085442,15487
2126.11087,,3628009,25365
2126.4033,,3519447,33899
2129.56107,,3495413,27979
2130.85238,,3526487,13306
2131.65861,,4324918,24320
2134.13725,,3885735,24635
2134.94088,,5180681,30972
2135.05562,,3527080,26372
2135.44015,,3859925,28245
2135.79658,,3636793,26465
2137.01298,,3466832,37941
2137.81131,,3416370,37191
2139.059,,3846934,26834
2139.77772,,3721667,21878
2142.40112,,3642199,35731
2143.53866,,4341027,27165
2145.84751,,3547077,25281
2147.18523,,3816784,28873
2148.18401,,4139320,18310
2148.57843,,3489773,35690
2149.37003,,5549144,25342
2150.41982,,3559346,21615
2152.47173,,3555837,15643
2152.65117,,4500146,27768
2154.79487,,3600349,12351
2157.79061,,5355798,24518
2159.54079,,4910325,21412
2162.37585,,3821805,35053
2163.37476,,3915368,26072
2163.85667,,4013634,17218
2164.89507,,3913674,31020
2165.16969,,3789153,21109
2167.24893,,3462396,39338
2169.08284,,3573835,34342
2170.44233,,3608133,28708
2171.89437,,3836831,27519
2175.18614,,4835229,37101
2175.45602,,3984631,27345
2176.23508,,3392507,30250
2176.3985,,3691953,27083
2177.89622,,4208551,22294
2178.44251,,4591327,29989
2179.04769,,3719914,33473
2180.83414,,4371334,33527
2181.41176,,4221516,38500
2182.83325,,3450225,14869
2184.12975,,3709838,15520
2185.30681,,5170373,22356
2187.79117,,3787108,29364
2188.34066,,3978277,33107
2189.83198,,3510897,27149
2192.05008,,4803010,24413
2192.74669,,3727162,10358
2192.9951,,3752017,25580
2193.41421,,3807784,22054
2193.97086,,3538863,28847
2196.10363,,3554287,26324
2196.38358,,3562836,33881
2198.54416,,3880035,28200
2200.68947,,3452023,29122
2202.93567,,3386484,28236
2203.17767,,3462158,29313
2203.66523,,4112066,31350
2204.26083,,4087592,20424
2206.87333,,4260469,27213
2207.33615,,4527812,18489
2208.06212,,3526197,31377
2208.39549,,4459765,20841
2210.8137,,4418318,25085
2211.69456,,3679326,19394
2214.66913,,3441370,26918
2216.57282,,4214338,21695
2216.72156,,4660411,34004
2216.8919,,3422784,15961
2217.22126,,3526336,28033
2217.82483,,3427628,34276
2218.01035,,3989814,31554
2218.32923,,3394996,30073
2218.47957,,3414894,44604
2221.60244,,3423462,21532
2221.89437,,3819643,18447
2223.19348,,3724738,31342
2223.90462,,3983904,24363
2224.11494,,3622261,25753
2225.71039,,3438249,15883
2226.71375,,3440273,24205
2227.24976,,3465964,34431
2227.61302,,3690814,33785
2228.28525,,4079313,16839
2230.62784,,4350869,32845
2230.80245,,3455934,19117
2231.10534,,3548507,39170
2231.22507,,3992587,23389
2231.71422,,4119127,35305
2232.16744,,4509652,19404
2234.63551,,3576216,31387
2236.13372,,4347152,14173
2237.33778,,3433227,30905
2238.9849,,4003527,28802
2239.15083,,3596878,14582
2239.83945,,4186803,22959
2240.31698,,3875329,27351
2240.49397,,3600779,24781
2240.75649,,3425212,35572
2241.34809,,4420988,24914
2241.46345,,4198509,31124
2241.5825,,3684064,25271
2241.77442,,4280306,16749
2243.6159,,4705037,28353
2245.34616,,3486237,21704
2247.89781,,4271709,27659
2248.94754,,3630125,20421
2249.28337,,3423234,19262
2251.3171,,4536265,23678
2251.73651,,4431299,25730
2253.42356,,4633655,21600
2256.09167,,3599788,11694
2256.88162,,3963028,26758
2257.82295,,3711424,35232
2258.88111,,3520005,22521
2261.42561,,3656057,25616
2261.74653,,4531150,27166
2261.90879,,4650906,26744
2264.15336,,3522607,38723
2264.89531,,4855963,16183
2266.23568,,3741568,26064
2266.54734,,4693811,11258
2268.89534,,3796330,19647
2269.65398,,3458835,25975
2271.32677,,3458802,29805
2272.08307,,3558111,29751
2277.58736,,3417295,26406
2279.56879,,3696544,23172
2280.01732,,4153915,28370
2280.2197,,3956064,26685
2281.55169,,3496951,36583
2282.67583,,3709924,31503
2283.82869,,3542885,23344
2285.31772,,4371731,20249
2286.44603,,3623178,39831
2286.89676,,3740016,35732
2287.41721,,4073368,13721
2287.61146,,3931290,23144
2292.59523,,3517520,18155
2294.48883,,3552035,36667
2294.60986,,3593059,26399
2294.80562,,4178280,12191
2295.3937,,3809370,22580
2296.97898,,3574291,19543
2297.16866,,4379990,19386
2299.8522,,3695575,19960
2301.18399,,5095063,13635
2302.01017,,3612939,39793
2302.39815,,3437402,37821
2303.92837,,3472264,13471
2304.7262,,3746704,23599
2305.21702,,3463607,19940
2308.92869,,3598273,9119
2309.20945,,3479383,22575
2312.54985,,3818413,34862
2315.58317,,3791720,31076
2316.89775,,3678970,30620
2317.0363,,4936135,21878
2317.31191,,4054366,19687
2318.07818,,4465348,13446
2318.26172,,4432874,28073
2321.64649,,3872573,26016
2323.36605,,3607998,16800
2328.56631,,3608677,27176
2330.41578,,3436283,23309
2331.22835,,3600457,22089
2331.68428,,3585741,33724
2333.51248,,3883354,16061
2334.19919,,3901285,34030
2336.45238,,4274602,17748
2338.45301,,5056490,26138
2339.27108,,3660353,34151
2340.23539,,4153387,24996
2341.55035,,4589411,26884
2342.23901,,3541746,16231
2343.54798,,4183526,14291
2344.55773,,4586449,17539
2347.10769,,3996925,31174
2347.63559,,3520947,34030
2348.50171,,3570156,32517
2349.21416,,4567502,24259
2349.52073,,3545666,29367
2350.49257,,3742843,11054
2350.9182,,3468917,28208
2353.00237,,3680789,17089
2356.91584,,3498113,35079
2357.23609,,3870913,23832
2358.1697,,3938888,21299
2358.54824,,4618183,22021
2360.23548,,4818608,24230
2360.60857,,4419216,25439
2362.81242,,4062060,17806
2368.29508,,3579834,21907
2373.04223,,3504350,31462
2373.52581,,5787300,18007
2376.74169,,3503769,11881
2378.23681,,4251999,14933
2378.35703,,4343720,17356
2380.9735,,4416729,20103
2381.84145,,4118792,19817
2382.00181,,3815306,29036
2382.48634,,5745009,19808
2382.66636,,4151647,29227
2385.32541,,3809067,30112
2388.44286,,4104535,23963
2392.92586,,6346570,7108
2393.58107,,4142317,16703
2394.08245,,3812872,27264
2394.94867,,5023454,20580
2395.27779,,3834342,34885
2395.56218,,3500437,42076
2395.87097,,3955312,20451
2397.65664,,3959255,20453
2398.86281,,3578487,33681
2400.57676,,3952723,14649
2404.55545,,3490523,31622
2406.65648,,4022310,26222
2407.10179,,4085753,26371
2415.00742,,3922100,30286
2416.93419,,3492753,33989
2418.07332,,4015633,32198
2418.40885,,3924702,30237
2423.2859,,3540114,14292
2426.54236,,4473446,25201
2427.20822,,4617343,14325
2428.05344,,3793799,29585
2428.68781,,3648202,21727
2429.36198,,3937159,16286
2429.59231,,3734197,24103
2430.04201,,3778952,17197
2432.05166,,4291741,18665
2433.09197,,3509787,37518
2435.61644,,4000868,19561
2435.81137,,3579037,18243
2438.11202,,3746205,26220
2441.88697,,3948067,22864
2442.03954,,4592642,28219
2443.33859,,3563610,16579
2445.08972,,3935816,29448
2446.72643,,4192941,21633
2450.25659,,4550163,36426
2450.45453,,4944712,21691
2450.86708,,4754692,13440
2451.11314,,3677723,32262
2452.4192,,3785781,29083
2454.33982,,4156287,22501
2456.40087,,3662049,22726
2457.01832,,3548182,25433
2457.32809,,4317525,30077
2458.0064,,4319980,22003
2458.41227,,4319012,22721
2458.69994,,4150289,21865
2459.15948,,3630439,26996
2459.44434,,3650064,28601
2459.92113,,5331443,12869
2461.03672,,3833395,17919
2463.40575,,3699045,11658
2465.36052,,3601532,27206
2468.95062,,4531489,24263
2470.6875,,3796848,27963
2471.06568,,3771473,31044
2473.01727,,4399964,21157
2473.97029,,5212499,17284
2475.60645,,4030111,35829
2476.95819,,3676866,22299
2477.47502,,4758005,28639
2477.61499,,4282887,23051
2478.47277,,3617407,23558
2478.71006,,6705230,22379
2479.20732,,4288499,26517
2480.37919,,3637673,35358
2480.80187,,4742175,28167
2482.96569,,4151001,18545
2483.71693,,3888980,18333
2486.12212,,3878294,22906
2486.34264,,4080087,38906
2486.76988,,4232144,16544
2487.17784,,3682492,28188
2488.16479,,4775167,17825
2488.63837,,4730641,25576
2492.40559,,3838908,18004
2495.13007,,3823555,28660
2495.84887,,3552993,36067
2496.07715,,3614501,25468
2496.93191,,3899091,21178
2499.57743,,4167744,28695
2500.19737,,4106657,23601
2500.37004,,3755010,25867
2500.82986,,4210121,18003
2501.94118,,3657093,31240
2502.29062,,4085068,24136
2502.46189,,3847213,33320
2503.80989,,3590314,19338
2503.96864,,3782019,32619
2505.89212,,3753156,17820
2506.38789,,4604830,18928
2507.37615,,3684746,33641
2508.71618,,3935327,16765
2509.68171,,4231453,23706
2512.82413,,4408407,17172
2517.93128,,3736069,27615
2518.42018,,4275923,22485
2518.83221,,3841331,19321
2526.90392,,4298397,29008
2527.87071,,4956711,27984
2527.99523,,3904233,30797
2529.60552,,3851208,24731
2532.23267,,4178495,9460
2535.36621,,3556280,23514
2535.71532,,3605425,28295
2539.72778,,3715617,29728
2540.30454,,4164560,20655
2541.51999,,4384707,23298
2541.83592,,3656422,29808
2545.28959,,3731479,28055
2546.44407,,4383524,25872
2552.33636,,5019646,16299
2553.79134,,3588114,23856
2554.85954,,4058276,30755
2555.10372,,4040731,32599
2555.3172,,4749895,10899
2558.11522,,3566501,24168
2558.84638,,3655882,31728
2559.23548,,4018631,14755
2560.38629,,4799671,15779
2560.83413,,3829778,30168
2561.36231,,4888335,25954
2563.03153,,3867574,27206
2563.49901,,4935635,13947
2563.88747,,4580942,19071
2565.34676,,3595143,28523
2565.62633,,3747405,26528
2566.65967,,4173302,27153
2566.8998,,4728233,23178
2568.43504,,4257085,19444
2570.52911,,4058897,9493
2572.11786,,4365745,17384
2574.9384,,6865668,19609
2575.47572,,3942649,26998
2575.81359,,4791699,27001
2576.04294,,5127419,26503
2576.96689,,3632414,13129
2580.40113,,4627559,19139
2583.17517,,4177203,23861
2585.14847,,4102996,33779
2586.83795,,4414387,19722
2588.32476,,4642228,33506
2588.71547,,3968795,20511
2590.58028,,4425846,23703
2591.151,,3929189,11195
2592.47236,,3929044,21069
2593.20994,,4986760,21205
2593.4417,,4917353,21081
2593.70153,,4151319,26324
2595.27077,,3939202,6535
2595.98044,,4774280,13667
2596.19651,,3834401,29197
2596.48644,,3975064,20480
2597.44318,,4491743,14131
2597.71714,,4961681,22277
2599.96675,,4107456,19840
2600.6938,,4972871,27639
2602.5589,,4407727,23401
2602.72866,,4535602,21126
2604.03342,,3830325,7662
2607.77324,,3896356,29738
2608.11782,,5117418,12940
2608.95034,,4210569,16058
2610.99113,,3634353,25817
2611.67614,,3738932,26470
2612.78545,,3773909,24774
2613.74289,,4236907,12777
2615.8135,,4310777,19887
2616.21591,,5144331,23080
2617.83051,,4800346,28028
2618.25421,,3994355,16602
2619.91956,,4119883,29473
2621.50426,,4623553,22184
2622.04477,,3734595,30935
2624.76173,,3764397,19043
2625.30352,,6109370,18013
2625.7612,,4817753,24823
2626.08289,,3801096,27302
2626.60905,,5215232,21815
2627.63098,,3908478,17355
2635.78841,,4087948,37431
2635.93518,,4013117,28834
2636.39689,,4311380,22872
2636.76439,,3894410,27218
2638.90693,,3924478,30411
2639.70481,,3647616,22028
2641.73943,,5220805,19780
2642.49256,,3819123,27181
2643.40435,,4105809,22103
2644.69632,,4127973,25540
2645.80857,,4268510,17945
2652.80846,,4079746,24580
2654.61726,,4062102,9672
2655.1191,,4155625,29831
2655.41971,,3699201,21505
2656.04597,,3884473,17658
2660.10534,,4730761,19750
2661.25187,,4175628,25149
2664.81357,,3838128,21101
2666.35102,,4770519,26388
2668.31862,,4368624,30508
2668.48238,,3837340,34009
2668.76066,,3655207,27517
2670.62931,,4129055,26288
2670.8651,,4207455,21212
2673.21104,,3734604,27815
2676.80784,,3663801,7585
2677.63233,,4161551,11615
2678.22927,,3947048,33171
2680.96182,,4257631,27668
2681.28371,,4976753,21107
2681.72558,,3831967,18387
2682.03104,,5271020,16490
2685.28928,,3690584,23671
2685.59061,,3936610,26751
2685.83575,,3874911,23074
2688.97541,,4646525,13187
2689.53064,,4153668,14175
2690.46676,,4105412,20043
2690.81836,,4248920,25831
2691.3134,,4885392,18744
2693.0045,,3731041,31330
2693.83027,,4700069,16796
2695.81886,,3716728,28347
2696.96299,,5208962,19502
2697.22975,,4074272,7310
2698.38886,,5036939,21578
2700.6944,,4078427,29541
2701.31022,,4615593,19950
2704.21123,,3700341,27376
2708.20978,,4813292,25301
2709.89693,,5568347,25959
2711.45269,,4446124,34603
2712.11294,,3859515,28742
2713.04466,,3623044,30999
2713.35646,,4117733,19756
2713.65261,,3937157,30384
2717.14836,,3713001,26286
2717.49065,,5942193,25116
2720.32199,,4256897,17939
2721.41738,,4147298,29712
2723.17257,,4630796,13035
2726.44195,,3792867,21117
2728.56244,,3919372,15261
2729.21026,,3917071,15041
2731.10852,,4104007,14042
2733.78675,,4298935,16281
2735.34772,,4823688,21333
2736.97263,,3964291,27862
2737.35871,,3984141,8434
2738.2632,,4091548,18174
2739.81945,,4914982,21192
2740.43143,,4373403,30846
2740.91704,,4233719,25234
2741.11246,,4035804,29418
2746.37943,,4032894,22298
2748.03353,,4887475,19766
2750.56189,,3778502,20084
2756.7994,,4013946,30230
2758.44688,,4893603,25314
2759.26472,,4104887,25336
2759.55367,,3863275,30278
2760.12165,,3647250,23840
2760.44159,,3983755,19654
2761.19604,,4779793,14726
2762.37451,,4484452,16578
2763.09153,,4914531,19364
2763.66496,,5850699,19863
2764.40533,,5266893,25612
2765.7342,,4764986,22043
2766.28317,,4068378,9119
2767.60971,,4253444,25253
2768.71895,,4014856,23208
2769.71681,,4446134,21118
2769.94935,,4009632,27617
2770.8603,,3975487,26526
2773.80262,,3837761,29129
2774.04226,,4531690,21526
2775.63444,,3973375,35533
2777.01509,,4210350,20410
2778.18519,,4196025,18531
2779.27616,,4352374,28754
2780.3546,,3945583,16174
2780.71561,,3832558,27114
2780.9967,,3772334,15790
2781.50375,,4078389,21053
2782.40294,,5096784,7738
2785.30954,,4253571,24434
2785.67493,,4246594,29987
2787.88396,,3775547,17963
2791.33064,,3980999,20462
2791.70717,,4433352,24955
2794.13906,,4044389,20934
2794.85126,,4373855,23084
2795.35463,,5435828,25092
2796.0111,,4247844,26153
2798.02769,,3682875,18819
2802.0493,,3751783,13568
2805.4325,,4380134,21572
2806.24488,,3815152,10868
2806.63414,,4685875,27540
2807.24812,,3869275,21508
2809.91426,,4729922,13038
2810.52353,,3876618,12775
2815.96379,,4195690,21694
2817.8712,,5116595,20243
2822.18255,,4541273,21130
2823.84858,,4558329,16342
2825.0611,,3851147,9497
2826.49497,,4192196,23929
2828.30384,,5038656,20782
2829.87298,,3927890,23058
2831.72824,,4070679,33410
2832.27005,,5148727,18992
2833.18276,,4769688,5694
2834.85841,,4777790,17472
2836.56891,,3962253,12001
2838.42608,,4812727,17385
2844.81264,,5286196,19838
2845.14691,,4539313,22268
2846.3226,,4613959,22601
2846.67081,,4414216,24874
2848.33165,,3843254,30507
2848.62547,,4161003,27873
2849.79198,,4375810,19047
2851.40901,,4276429,15863
2852.86133,,4606842,23589
2854.61718,,3949058,21887
2855.31384,,3917701,21876
2856.40855,,4387346,22767
2859.01875,,4013311,29306
2861.06096,,4215492,18510
2862.98395,,4702198,10118
2865.81756,,5293338,22359
2866.07811,,4215373,29620
2866.58364,,4012432,17170
2871.07628,,3827046,9477
2872.10747,,4050803,23618
2873.21444,,3751761,32168
2873.83843,,3665837,18430
2875.96003,,3887484,26451
2876.87315,,4214964,9284
2877.07718,,5374430,22686
2878.27088,,3697620,33299
2879.87675,,4647326,21853
2881.25959,,5117116,20853
2882.82985,,3654787,36519
2886.80398,,4697035,17815
2887.78159,,4302364,38599
2887.9695,,4681669,31823
2888.19365,,4460278,17769
2888.75881,,4500591,25245
2889.62952,,3900585,23449
2890.0487,,3785861,22347
2890.20986,,4014888,24872
2891.34646,,3974430,26491
2893.46984,,3896367,19981
2893.75211,,3971629,27342
2894.25013,,4223901,25002
2894.66317,,4004727,30563
2895.51668,,4750325,20257
2896.53007,,3984661,16778
2900.25577,,4471135,11040
2903.92865,,5691308,20160
2907.69451,,3872159,24492
2908.32223,,4108531,11043
2911.54729,,3838904,24358
2912.12036,,4640323,22147
2914.15996,,4906164,17211
2914.57173,,5973145,16578
2915.02341,,4044041,28442
2918.33848,,4935872,22500
2918.97982,,4180064,9198
2921.0398,,4317368,12010
2922.3227,,3713840,21247
2924.21741,,4682265,20664
2925.15254,,4832139,25235
2926.41016,,3808721,26727
2926.93098,,5501212,13861
2931.04401,,3852060,30404
2934.73827,,4416130,22813
2935.6863,,3844739,32344
2936.13353,,4451838,19539
2939.50918,,4025057,17374
2941.03234,,3691915,23092
2942.66236,,5633491,13364
2943.60554,,6106782,21226
2946.06028,,4245975,6991
2950.96271,,3797852,23122
2952.20278,,4265542,17184
2952.95808,,4395683,18845
2953.96769,,3782345,29764
2954.63822,,4111696,13316
2955.97188,,4322328,27134
2956.7194,,3900085,9277
2957.47055,,3867734,32725
2959.40297,,3768151,16159
2960.50262,,4089823,18190
2960.80072,,3892793,26261
2963.19079,,3739913,32380
2965.2665,,4214272,21461
2966.14719,,4445263,16482
2967.10899,,3721333,23691
2968.68921,,5025691,15484
2969.4563,,3873478,16879
2969.83612,,4760571,21754
2970.16503,,5567586,22750
2970.86281,,3743032,31931
2974.00153,,4170888,19036
2976.26671,,3793615,30798
2977.81669,,3713653,9649
2978.51136,,3806609,31627
2979.55074,,3982327,15138
2980.66227,,4282586,12882
2983.79891,,3851617,21400
2984.118,,3700998,26726
2985.01241,,4028835,25135
2985.97217,,4522072,24221
2987.16378,,3733913,14640
2988.38338,,4130082,13942
2989.92719,,6019283,15964
2991.19507,,4310829,16701
2992.02776,,4222174,12753
2992.78467,,3961331,19164
2993.79228,,4487357,18419
2996.76216,,4022405,22210
2996.94374,,3835841,25590
2998.43103,,4252588,32418
2998.60914,,3996516,29047
3000.2069,,4241140,21863
3000.75847,,4270056,19808
3002.22347,,3798412,27977
3002.67489,,4303524,19277
3003.93529,,4013123,24704
3008.77771,,4549967,16645
3009.25457,,4544304,20786
3010.30131,,3749901,14673
3011.30693,,3780124,17093
3013.84365,,4961457,15146
3014.13035,,4197392,23437
3015.10857,,4048714,8363
3019.43014,,3849288,18251
3019.78371,,4696177,15293
3020.93607,,4822150,20587
3023.30164,,5196458,17876
3023.87821,,5329134,18089
3025.05665,,3920668,15366
3029.25034,,3689997,29282
3030.03249,,5479448,18057
3031.53994,,5141369,12394
3033.42449,,5306334,10770
3036.38227,,4250447,17301
3036.90564,,4425922,27087
3040.34819,,4356636,12727
3041.55754,,4934458,16579
3044.76632,,4227014,23832
3046.15452,,4238881,23835
3046.52401,,6462878,14953
3047.99349,,3711957,20291
3048.1913,,5954521,22517
3049.29533,,3965331,19691
3050.54029,,3800703,32780
3051.78664,,4621483,30016
3053.28514,,4027435,9234
3054.10579,,4554180,22251
3055.04074,,3805446,12009
3056.8542,,4376146,14037
3058.37399,,3926522,14989
3058.89462,,4179053,18725
3059.9629,,5439258,20728
3061.77136,,4235715,19208
3062.87339,,4716028,20786
3064.00066,,4528512,25057
3069.1063,,5555405,23237
3069.85298,,4067017,17879
3071.41959,,4956894,20910
3073.94506,,3888184,13547
3077.04438,,5179219,16450
3077.86194,,4325097,25988
3078.667,,3948859,9280
3079.82339,,4007551,26254
3080.33913,,4420398,22322
3081.18126,,4296907,19880
3081.99105,,4725209,10476
3084.43086,,5324498,12630
3085.12801,,4135162,25343
3085.82512,,4056805,27006
3087.44518,,3984899,28584
3091.36967,,3919810,14972
3091.96992,,4202218,16360
3092.31807,,6578144,14870
3092.97467,,4169083,14260
3094.96481,,4680336,14952
3095.18059,,4727447,17428
3096.30824,,4946572,22957
3097.97053,,4254126,22550
3098.26097,,5031376,20001
3100.40307,,4987731,25717
3100.69612,,4319792,10964
3101.10297,,3951479,20707
3101.65956,,4050927,25159
3102.18062,,4408216,26652
3103.05001,,4265652,10714
3103.30505,,4642826,19734
3104.83654,,4514300,22796
3106.61464,,4856514,22703
3107.2434,,3741582,26847
3108.02551,,4268300,26047
3109.98979,,4949575,10640
3111.22661,,4528404,24274
3115.92996,,4494202,26608
3117.33576,,4982714,20187
3120.86568,,4142486,23733
3121.395,,4259133,22063
3122.0176,,4478082,22549
3123.50554,,3942611,23035
3127.61139,,4015955,25116
3131.4098,,3819432,19835
3132.50319,,4860211,22483
3136.5409,,4192766,21735
3137.77306,,3831156,23090
3139.17615,,6674329,16180
3141.16841,,4120939,34465
3141.36152,,4216483,24443
3143.27632,,4050781,24740
3144.73913,,4580874,19491
3146.10041,,4684442,19978
3149.4679,,4829293,16044
3150.80979,,4312176,14938
3151.05439,,4398391,22369
3154.01035,,4667010,11677
3154.84737,,5378288,13783
3155.81715,,3767138,15065
3159.50725,,4300236,17650
3160.72355,,4192475,26004
3161.48299,,4192364,15623
3162.02759,,3965827,23321
3162.87146,,4479658,19381
3164.19255,,4219602,17175
3164.6067,,5155075,18282
3165.08379,,3742340,19648
3165.69069,,4923944,15579
3166.04695,,3949577,15498
3167.8068,,4816866,21478
3170.52345,,3772706,7726
3171.10272,,4426892,16427
3171.64394,,6596442,16588
3172.34573,,4199026,16829
3174.18721,,3930938,4912
3175.51894,,4824265,12782
3176.22519,,3861887,24208
3177.47227,,5109374,15294
3181.71498,,4892265,16446
3182.65565,,4506773,12464
3184.87527,,3921781,23605
3185.129,,4138739,19678
3186.09537,,4159901,24858
3188.38478,,3927493,15076
3189.00487,,4080408,22013
3189.32898,,4996582,5656
3191.36121,,3924230,33096
3191.74226,,3910496,23217
3192.4741,,4309002,18496
3193.2826,,4412359,22737
3194.80963,,3787558,28079
3200.07749,,4078025,17706
3201.58306,,3798804,25098
3202.47863,,4487638,13931
3203.69393,,4628061,25693
3205.29266,,3756339,21409
3207.01217,,3896414,24074
3213.05414,,4065646,24249
3214.69247,,5153843,20984
3215.16816,,4354065,23392
3216.73494,,4050304,16769
3219.46024,,4535623,26709
3221.23866,,4160784,17997
3224.70429,,4171588,16772
3225.81592,,3929673,17158
3227.8626,,4452910,18886
3229.37654,,4053359,13189
3229.65929,,4913056,11334
3231.14231,,4964438,20074
3231.36286,,5251707,18823
3233.60519,,4359273,21889
3234.71852,,4063897,14731
3234.9533,,4303167,18137
3238.25137,,4860925,14379
3238.77942,,4457422,14023
3239.41185,,3998379,19905
3241.60104,,4017325,24688
3242.56041,,4484024,23308
3243.57413,,4557127,20705
3244.42144,,3861438,26862
3245.07999,,4396760,17876
3246.82012,,4494340,22819
3247.97382,,4555039,21571
3248.19612,,5067195,13961
3252.11661,,4310322,18552
3253.17108,,3899188,30804
3254.62585,,4070243,15280
3256.20011,,3836829,16675
3257.3709,,3893412,28199
3258.60687,,5733553,12870
3261.47386,,3886061,18425
3263.75615,,4480477,17300
3270.94773,,3871628,7843
3272.59875,,5154354,12828
3273.1162,,3887264,19258
3273.36154,,4378933,17161
3273.57657,,4549896,22660
3274.42061,,3936977,18199
3277.15322,,3891641,22441
3277.39386,,4231884,22128
3279.76893,,4355595,17441
3281.34209,,3876997,15632
3281.80109,,6384936,19396
3282.47992,,3916251,23250
3284.16365,,4233175,26645
3284.7967,,4677892,19197
3286.7562,,4827278,25542
3288.35767,,3774043,12015
3290.37388,,4532351,18024
3293.14133,,5814828,18728
3296.48935,,3901809,19018
3297.7478,,5680503,14215
3298.2522,,4197458,20949
3300.4184,,5249862,21385
3301.07838,,5893992,15879
3301.81693,,4865102,16191
3303.32437,,3854681,23384
3307.61555,,4140833,20020
3308.10392,,4093878,16004
3309.17589,,4087781,28169
3315.64706,,4637062,13757
3316.33918,,3787135,24137
3317.02335,,4584216,25889
3317.56489,,4489515,20337
3318.03946,,4244411,21163
3320.13475,,4632770,10235
3322.40383,,4735819,24194
3323.33119,,5183591,17999
3323.99883,,4894075,20270
3328.91237,,4594436,6324
3329.83539,,4678172,22175
3330.67277,,4842545,26696
3332.37603,,3767515,24420
3333.62177,,4009144,19194
3334.7824,,4827667,16781
3336.54086,,4618553,21892
3338.2713,,4399581,21090
3339.20011,,4546928,18019
3340.29046,,4760005,14959
3341.05535,,4340948,19000
3341.83352,,5125154,21772
3342.59564,,4876656,14662
3345.11578,,5005404,21897
3346.75287,,4281751,9462
3350.43522,,4135664,13901
3354.69538,,4507884,18536
3355.66238,,4229497,20450
3357.3498,,4651470,15710
3361.85277,,5283333,13265
3365.94644,,4116274,9433
3367.16861,,4252928,11501
3367.56786,,4438404,12547
3369.08215,,4500372,24061
3371.53329,,4609006,18257
3373.17177,,5110079,24483
3374.28378,,5015882,25985
3374.62761,,4024973,16112
3375.82214,,4084826,27615
3376.18672,,5983838,13914
3377.90396,,3842351,16054
3379.20532,,4254717,22903
3380.73069,,4481293,22428
3382.11647,,4299548,21479
3382.84512,,4190692,11238
3383.37868,,3847017,18310
3384.01409,,4723760,20190
3384.39232,,5082229,18665
3385.39436,,4587584,19563
3386.59,,4077133,23887
3387.13108,,5161043,17019
3389.09366,,4510954,13463
3389.43795,,3847534,20307
3390.55891,,5404156,18832
3393.96262,,4378343,20550
3396.85009,,5127694,6036
3401.41907,,4346834,7210
3403.71683,,5252919,9364
3405.25622,,4255314,22968
3405.7767,,4183483,8906
3406.73537,,4145100,13215
3408.5253,,4833485,19427
3408.91605,,4469077,11455
3410.25743,,3945775,16965
3410.82369,,4521530,24756
3411.13178,,4721985,20529
3414.0009,,3987837,22690
3414.88132,,4270865,23019
3419.06483,,4285045,21333
3419.54234,,4811137,20632
3421.25412,,4043438,25013
3423.11169,,4196705,24092
3424.11355,,4834942,22779
3426.31345,,4699327,20159
3429.14584,,5711513,13170
3429.41921,,5093729,18895
3432.60426,,4830223,17978
3434.35014,,4796559,18289
3436.13764,,4595987,19816
3439.14848,,4869517,22220
3440.6669,,3852749,18747
3442.74622,,3905258,22137
3443.79242,,4056538,25683
3445.17102,,4311835,9795
3451.4698,,4999520,18624
3452.6936,,4540836,9007
3454.99912,,4747177,5587
3455.36917,,4491967,22789
3460.1714,,3760428,19431
3460.5146,,6075907,18531
3462.03426,,3922921,24405
3468.38134,,4347573,15363
3468.96869,,4025315,17854
3469.49512,,3876748,21176
3470.88504,,4765114,15327
3471.21541,,4180373,20245
3472.41633,,4762360,7980
3473.18592,,6025144,21484
3475.0434,,4753942,14537
3475.57662,,5526853,15117
3477.05268,,3965447,18680
3479.49963,,3834601,23740
3479.82524,,3979654,21136
3480.07527,,4094687,6915
3481.49625,,5951014,14407
3483.56357,,4537842,21665
3483.98805,,4866588,13714
3485.47337,,4676404,16028
3486.58514,,5189416,20456
3487.04841,,3815257,27105
3490.53027,,4805077,18856
3490.97736,,6405384,18886
3492.45825,,4377393,24578
3494.58275,,6039979,17656
3498.02088,,4052305,25247
3499.28064,,5696111,15316
3503.04858,,3939808,18122
3504.08394,,4025069,24852
3505.06277,,5144500,9143
3506.14888,,5643598,12814
3508.6509,,4276726,23953
3509.29566,,3871572,21353
3511.72374,,4441410,21956
3512.06313,,4726005,21828
3514.30738,,5207507,9295
3514.80479,,4429986,17469
3516.07757,,4018415,21587
3517.77375,,4118548,10474
3518.37189,,3990760,22459
3520.25942,,4170790,17739
3521.92311,,4376006,23388
3522.88544,,5000306,18196
3524.50658,,3880273,19262
3525.20985,,5207697,20784
3526.5972,,4388753,15673
3530.17942,,5339319,11441
3530.80853,,5604531,16469
3532.63738,,4636571,21436
3536.74972,,5549540,17467
3539.37794,,3935828,13473
3540.85443,,4236053,16996
3541.4594,,4658844,17876
3542.18003,,4436603,19165
3543.16037,,4884055,18367
3546.73119,,4163469,16882
3547.82056,,4913551,15653
3550.89865,,4027064,8322
3553.25437,,5239874,10731
3554.0526,,4131660,13788
3554.88625,,5034082,16734
3555.6489,,4230696,21768
3556.84359,,4009053,13311
3557.38337,,4291947,19236
3557.70115,,4138174,23306
3558.34578,,3978218,21023
3558.82634,,4250090,23292
3563.74894,,4930355,20510
3566.07196,,4134344,17260
3567.65576,,5346580,28655
3572.13814,,4701036,9499
3572.67906,,4376045,21495
3577.79152,,4071723,17544
3578.19245,,4555182,20182
3581.94381,,3874542,17536
3582.2536,,4305107,20610
3583.1589,,4337538,22952
3583.56159,,5184518,18709
3584.52173,,4181704,12015
3589.07802,,4081693,16564
3590.99502,,4175994,23439
3591.27031,,4364635,11106
3591.8632,,4352495,10141
3592.74299,,4098981,8506
3593.30495,,4434991,10685
3595.23942,,4329576,20354
3597.58564,,4078658,20085
3599.66834,,4487747,19258
3601.82579,,5106060,13082
3602.67294,,4021837,11019
3604.15956,,4147303,24483
3605.05951,,4409279,27169
3606.28633,,4160279,24333
3607.41288,,3889998,22492
3608.55239,,4118542,12503
3609.35077,,4477387,20385
3610.86378,,4012382,20379
3617.14141,,6117390,15489
3619.88914,,4475779,8209
3621.3099,,3806484,18066
3622.33255,,4511750,14290
3622.79339,,4268101,26596
3623.32456,,3948902,12981
3624.40831,,5712502,15365
3626.24062,,4857925,13867
3628.0925,,4239785,13506
3628.84651,,4296047,20903
3629.87971,,4938674,19452
3633.15733,,5591957,11690
3633.78958,,4909868,8865
3636.1758,,3969950,23908
3636.64898,,4017778,9529
3637.36689,,4489521,19459
3640.69434,,4613343,16457
3643.34746,,4154722,18689
3644.27085,,4374865,11176
3646.22666,,4359458,23058
3650.38534,,3900747,27085
3651.91286,,4027936,14715
3652.48667,,4104504,20633
3653.46743,,4454024,21320
3653.87645,,4467534,19439
3654.62721,,4546493,14060
3654.95949,,5318614,17757
3657.69039,,4442691,16840
3658.62743,,4254797,21158
3659.28133,,3959636,18586
3660.3078,,4576008,19867
3663.06756,,3962073,27077
3666.82035,,4193327,22413
3667.19623,,3926696,16217
3667.68507,,7345377,10542
3668.41729,,3945875,19644
3671.25568,,4954989,33624
3671.73069,,4077793,17073
3673.78896,,5202809,11032
3674.51891,,3972210,19317
3677.13741,,4319350,16483
3681.69458,,7826292,11501
3684.26587,,4566205,21293
3685.45543,,5225266,15437
3687.64701,,4073523,22322
3688.07937,,3933211,19595
3692.48161,,4600265,19869
3693.49445,,4228845,20131
3694.12618,,3850561,22912
3694.5478,,3878693,21477
3695.53801,,4573179,9794
3697.83115,,4626834,20076
3702.42172,,6423320,10506
3703.36384,,4149918,10434
3703.98269,,5886003,19256
3706.8601,,7543402,12071
3708.67513,,5236310,19079
3709.29369,,4761774,21964
3709.8803,,5311797,6389
3718.98653,,5137629,21462
3719.39587,,5389253,17738
3720.34583,,4281536,12680
3721.43878,,3969350,21633
3724.0318,,5247114,19543
3726.19396,,4695576,8660
3727.60635,,4216706,15728
3729.0188,,5200037,18692
3730.21401,,4665001,10716
3731.61614,,4651446,16085
3732.1745,,6116025,13724
3733.75334,,4419916,18317
3735.51644,,4739265,12992
3737.77662,,4627417,23413
3738.61208,,3993923,22773
3740.02705,,4107798,6634
3744.89417,,3875584,20136
3746.6835,,7302299,15580
3747.44388,,5669458,17126
3747.72762,,4598647,18444
3748.49389,,5484728,8337
3749.25106,,4598010,24994
3751.85398,,3947624,5333
3753.09766,,3886665,26856
3753.84001,,4697722,19839
3754.70867,,4296954,13331
3755.4122,,4021271,21499
3757.44587,,3872130,16594
3758.1346,,4154456,19388
3758.48862,,4141617,20615
3758.91064,,4475945,21918
3759.43856,,4408668,20547
3760.00817,,3886381,21946
3763.18539,,4033283,23734
3763.90568,,3961519,23206
3767.72766,,6537993,13874
3768.84371,,5339165,14824
3769.52633,,4614894,7630
3770.15073,,3966848,13602
3772.82199,,4012124,18927
3775.58461,,4157509,11017
3778.3072,,3908829,18102
3780.64184,,5509766,7839
3782.34302,,4652794,14169
3783.49321,,4730539,11312
3785.6077,,4190741,16486
3787.74388,,4565782,18652
3795.87093,,4392328,14351
3799.65251,,4029264,19089
3800.39845,,4380626,13247
3803.40109,,4275601,14698
3806.00778,,4283292,10926
3806.53197,,4688218,22123
3806.90748,,4085307,24316
3807.22718,,4244852,24369
3808.0347,,4485846,20698
3808.44116,,4266956,18635
3809.73753,,4509645,22376
3813.68057,,4588527,13233
3816.97326,,4080535,14163
3818.70725,,4171161,23238
3820.59514,,5270264,8978
3821.02854,,4828920,14820
3823.39485,,4727403,17190
3825.31748,,4386654,19014
3827.00272,,4217856,14699
3829.14099,,4821293,16136
3829.75463,,6058516,18198
3830.39499,,4030735,21445
3831.90128,,5616384,13776
3833.49823,,3929389,13110
3834.27469,,5178352,19603
3836.01635,,4909166,12988
3838.62049,,4112097,17492
3842.02866,,6231197,14523
3842.8517,,5738876,15284
3843.39398,,3960632,20427
3847.14226,,5526970,14087
3847.88046,,4033509,19705
3849.3342,,4461478,24524
3852.60638,,4178564,27843
3853.82789,,4640191,18953
3861.11259,,4086715,15627
3861.6218,,5527903,14176
3862.65225,,5011686,19606
3863.65624,,5048130,9791
3866.99581,,5806716,14962
3868.17887,,4856089,24144
3868.7933,,4485228,20767
3869.25366,,4965104,13415
3872.62571,,5756498,19170
3873.45674,,5415707,16874
3877.21348,,4697539,17303
3879.55657,,4776014,19915
3880.73566,,4273622,25979
3881.07267,,4857745,18031
3883.12345,,4510959,16688
3884.34575,,4533265,28135
3884.66434,,4446904,18050
3885.14015,,4836671,16238
3885.91065,,5096803,16457
3888.31187,,4067707,15527
3889.81101,,6272928,18035
3890.10491,,4584379,16369
3892.436,,4132772,27675
3893.52711,,4146929,12116
3893.9572,,4058904,17787
3897.27037,,4106934,14210
3898.72766,,4598462,19124
3899.28562,,4498150,21657
3900.99134,,6389479,13916
3901.32178,,4432284,22366
3902.16552,,5947857,15776
3906.5701,,4214233,14436
3909.70108,,4012908,17226
3913.48977,,5186257,12728
3914.25335,,4185144,12422
3916.90247,,5380316,12636
3918.9092,,4425623,22550
3924.14624,,4343655,16816
3927.09546,,5238565,19950
3928.5708,,5095301,18899
3929.61351,,4418817,16769
3930.48038,,5264052,14864
3931.77569,,4223788,25344
3933.25825,,4235206,17691
3934.19019,,5708465,9446
3934.87499,,4774685,19182
3935.27615,,4095842,18003
3936.10998,,5066997,6236
3938.311,,5373988,4755
3940.16655,,4330590,18492
3941.57174,,5046079,16398
3942.46648,,4146801,23575
3944.83266,,4597465,22876
3950.03975,,5388402,18342
3950.45665,,4310202,22660
3953.1814,,6203828,13061
3955.12487,,4550964,14048
3955.76936,,4254945,15249
3956.46451,,4236190,16433
3957.05861,,4209201,18155
3958.60132,,5308918,10145
3959.02632,,5128762,20241
3959.69163,,4903789,16051
3967.02616,,4309347,5061
3967.53253,,4035717,17498
3973.6502,,4757407,14773
3974.24214,,4713950,19277
3978.41358,,4348279,21440
3980.49448,,4000764,17422
3981.65009,,4098345,18148
3984.13641,,4164752,11794
3986.69739,,4449871,14909
3987.82584,,5841709,17131
3990.97263,,4630478,9276
3998.96478,,6673061,9774
4001.69576,,5082870,21934
4002.88173,,4673615,11608
4005.10757,,4588487,20804
4005.70638,,5433394,17010
4007.72191,,4460048,13012
4011.36999,,5648738,13364
4015.18202,,4021214,18975
4015.51854,,5011746,17621
4016.06332,,4333167,23963
4019.79514,,4831737,15273
4023.77346,,6236360,15082
4025.93621,,4626916,13864
4038.4852,,4643067,8330
4041.3155,,4409299,15142
4042.15719,,4575161,11421
4043.98765,,4198763,15679
4044.52818,,4124836,15981
4045.91544,,4083961,20359
4047.10164,,4223690,16568
4054.77853,,4908793,20759
4058.42539,,4345749,17991
4059.54447,,4108921,22311
4061.46238,,4800665,13196
4062.87274,,4992660,15713
4065.47529,,4030138,19335
4071.69751,,5138467,13295
4073.18372,,4352092,21402
4078.92546,,5132014,13037
4079.9887,,5091489,16319
4081.78371,,4633570,14192
4083.0025,,5682552,14826
4085.08593,,5310207,13309
4087.85352,,4221439,13280
4088.47245,,4550247,9953
4091.52484,,4734500,16346
4093.44351,,4913313,16981
4097.05215,,5286868,17835
4100.81323,,4404795,11956
4102.66245,,4437098,9363
4104.50697,,4740409,10740
4112.19329,,5746292,10545
4113.17621,,4069019,15501
4114.91112,,5004651,14164
4116.92854,,4263480,20126
4122.89061,,4583268,19930
4126.96322,,5573580,15847
4130.8507,,4774384,19812
4131.59581,,5903236,9441
4137.12884,,6077643,12105
4141.08117,,4463543,17754
4143.2873,,4291917,12203
4144.21484,,4711671,13900
4146.52616,,6020819,5389
4150.28706,,4863903,18100
4150.7034,,5840808,12288
4152.37855,,4239422,15020
4153.65051,,4426000,13470
4155.15375,,4638663,20368
4158.1272,,5398176,16322
4160.35794,,4976246,14180
4161.01926,,4064474,24062
4162.55652,,4464641,11975
4164.59879,,5619116,11833
4166.98585,,4452801,17469
4167.98866,,4404558,18221
4168.89743,,4600396,14868
4172.96158,,4069096,18633
4177.95503,,4163419,14446
4179.01052,,4610458,13925
4179.54741,,4613400,18101
4181.06158,,5397480,8006
4183.02423,,4742120,7905
4186.06334,,4438130,16468
4191.00307,,4769190,27498
4191.5289,,4779672,16113
4197.56409,,4675129,12640
4200.63985,,5241397,15519
4200.98157,,4189007,20134
4201.61924,,4988929,18282
4203.14954,,4720693,8026
4205.52891,,4218656,22118
4210.28087,,4380123,23729
4212.15457,,4084940,15674
4213.37296,,6323699,5123
4216.19721,,5108270,13366
4217.78393,,4937858,14579
4219.60341,,6085659,13424
4220.7706,,6363795,17522
4221.78388,,4954177,20029
4224.13178,,4277608,8898
4224.98625,,5716428,18270
4225.61186,,5106725,10086
4226.43647,,4351110,14789
4231.19288,,5755188,18999
4233.0718,,6783921,6613
4236.94512,,6007910,11696
4240.18815,,4543100,11725
4240.94053,,4878990,14762
4242.06474,,4726697,10979
4243.69914,,4656399,9979
4245.25202,,4622640,15025
4248.04991,,5865065,13287
4250.42496,,4665172,10641
4252.26283,,4189299,13245
4253.20612,,4903875,16162
4254.7666,,4303195,20768
4256.81836,,4132601,23159
4257.18338,,4864510,19152
4258.20053,,6333196,12102
4258.70076,,4195346,12909
4266.33843,,4176862,8256
4267.24507,,4049272,16337
4267.9736,,4991616,12401
4269.45287,,4199376,15255
4273.60336,,5302106,5920
4277.15378,,4155165,4921
4278.52729,,4512043,11644
4279.88205,,4394617,16558
4282.69941,,6725847,5375
4288.29146,,7788759,14066
4294.10491,,4833572,12663
4294.7394,,6088749,15637
4298.10647,,4221795,24701
4303.1851,,4054719,24590
4305.02883,,5084901,15381
4306.90173,,5138254,8233
4308.48249,,5341107,12393
4310.0059,,4731224,12076
4310.5763,,5556327,15287
4311.12134,,4674101,13798
4319.35879,,5623790,11950
4320.3269,,4707471,19602
4320.85487,,4146786,8063
4322.78916,,4757162,8765
4325.7569,,5085410,10560
4328.0533,,5204678,16090
4329.80624,,5303703,17409
4334.74299,,4884113,15855
4337.50427,,4917165,14803
4340.88773,,4964604,13477
4343.11065,,5036048,13644
4344.15527,,4358102,20239
4344.54623,,4772850,20782
4354.42757,,5032958,4671
4356.54294,,4488318,11568
4357.53751,,5666971,18775
4360.04424,,4238929,4828
4362.54574,,5331280,9749
4364.83398,,4866694,7020
4366.61736,,6184655,12315
4369.79067,,4450949,3635
4371.83549,,4075587,20082
4377.7275,,4417175,13890
4378.24077,,4897185,19056
4380.22903,,4162688,12629
4384.57177,,4676989,8572
4388.58564,,6728176,12322
4389.94528,,4714525,15909
4391.51859,,4171888,5506
4393.52156,,5275998,14997
4395.0013,,4236400,13060
4396.10649,,4118087,20113
4396.82837,,4203728,18210
4397.75353,,5347076,11602
4400.83054,,5232243,13549
4401.42881,,6247791,17790
4403.29374,,4087546,9355
4404.5461,,4560135,6044
4406.07382,,5805021,20303
4408.67532,,4319087,12036
4411.23672,,4930440,14817
4412.32294,,4263439,21758
4414.82372,,4385053,9095
4416.93823,,4817696,16429
4417.88005,,4326323,10756
4421.75991,,4306675,15018
4422.33683,,4644686,19867
4424.24519,,4298865,11824
4425.55806,,4885738,19176
4426.03502,,7375609,15093
4427.65087,,4069589,27427
4428.11141,,4895585,12070
4429.18949,,4485287,8895
4430.57866,,5012694,16489
4431.48855,,5302130,10490
4433.52012,,4352761,19278
4435.20388,,6551453,12769
4436.16606,,4902618,17243
4437.61903,,4153665,23881
4439.1052,,6003009,11888
4439.95988,,6213221,17019
4442.43981,,6809939,13310
4443.00791,,4618781,17782
4448.18933,,4100454,6375
4448.96821,,4715985,15746
4449.57666,,6454462,15217
4452.38861,,4613520,15860
4454.54385,,5387136,11544
4455.18119,,4853190,13682
4458.22709,,4106438,4740
4459.35207,,4162093,7518
4460.67828,,5852334,15134
4461.90987,,7525069,10694
4463.75818,,4558217,20346
4464.66406,,6083234,6841
4465.9142,,6792676,14536
4467.33063,,5663355,15653
4468.36302,,4530397,17142
4473.30848,,4575565,21496
4473.79044,,4459962,9403
4484.03001,,4447571,18633
4486.27429,,5509563,12987
4496.58014,,5169621,12361
4497.82146,,5837344,14122
4500.18602,,4185974,15444
4503.59217,,4794580,10130
4504.72506,,4936195,11390
4506.44889,,5237136,20195
4507.02772,,4990553,11342
4508.40838,,5280197,17443
4511.70845,,6367368,7551
4517.62275,,4721407,15601
4519.56374,,5404842,8869
4520.96011,,4490453,17921
4525.52187,,4409946,7072
4526.00594,,5914779,16322
4526.80731,,5289753,11965
4527.5043,,4303053,19030
4531.31733,,4550425,13867
4537.84593,,5342910,9353
4538.56544,,5255476,18995
4542.71226,,4140364,15472
4546.02529,,4137361,12611
4546.93635,,4854403,21333
4547.36396,,4990995,13254
4548.02317,,4700173,5116
4553.39903,,4926647,19390
4554.35814,,6035898,13199
4555.52194,,4235643,25158
4558.91684,,4626174,9005
4561.88786,,4310087,19261
4562.43397,,5083351,18081
4563.72053,,6285245,14299
4564.49073,,4512949,9129
4566.12488,,4852748,16839
4567.00207,,4226022,13561
4567.88566,,4227931,12974
4572.79484,,5804804,11960
4575.09664,,5627697,11084
4578.44654,,5172266,16708
4579.68036,,4660056,10102
4580.56488,,4910843,10148
4581.38185,,5983123,7945
4583.20521,,5523970,9645
4583.77505,,4347484,23034
4584.77814,,4298870,12653
4585.77065,,4568825,14621
4587.56472,,4470505,19875
4588.81658,,4290906,9637
4592.65823,,5188024,18537
4600.0112,,4507364,17622
4600.90394,,4738600,15118
4602.60844,,5859071,10916
4605.01427,,5503722,9624
4606.76839,,5282672,12253
4611.31817,,4522960,15511
4611.75405,,4541329,7636
4617.58794,,5481342,12958
4618.26207,,6243267,12921
4619.02154,,4537503,15743
4619.71953,,5790018,15442
4623.49805,,4607878,19594
4630.09862,,4831845,19631
4632.77536,,5586401,14308
4635.37067,,4519247,6205
4637.234,,4533360,17418
4639.9517,,7015201,10964
4642.64914,,5453786,11759
4643.08892,,4553297,17806
4646.98411,,4761317,16082
4652.61732,,5115883,8112
4656.07234,,4408347,10156
4657.59341,,6096856,14546
4663.38756,,6158440,10102
4664.72194,,4742133,14622
4667.87461,,4359974,18660
4670.25238,,7204057,9987
4679.57462,,4761405,12795
4682.92783,,6029255,14165
4691.48192,,4690105,9256
4698.10583,,4854090,19371
4698.704,,4728421,15394
4699.59043,,4657471,17677
4700.54265,,4642000,19739
4701.60916,,4601073,19972
4702.56054,,5750143,14514
4703.72185,,5719026,13797
4706.11922,,4492325,18539
4706.99818,,4886258,13274
4708.47989,,5182641,16600
4709.92647,,5272270,11528
4721.49381,,4477647,8537
4728.99169,,5448338,15724
4729.7415,,5929095,14804
4731.98647,,5294685,17267
4737.35404,,4498918,6666
4738.19245,,7970566,11982
4740.96195,,4369827,13393
4743.20604,,4497057,12710
4744.56949,,4847231,9294
4755.68978,,5253585,5051
4758.38265,,6662089,7579
4759.32878,,5226665,11101
4761.85136,,5192527,18702
4766.19579,,7379457,11022
4772.80871,,7280554,6477
4775.01947,,5734711,10156
4776.83238,,5036071,11865
4787.46228,,6127912,13011
4790.84705,,4599536,10455
4796.9845,,6216905,13924
4798.26689,,4924771,13071
4800.19345,,6238237,14497
4802.18557,,5223953,19013
4803.00223,,4907930,14999
4803.93569,,6083042,12864
4808.63409,,6278532,10382
4809.7029,,4695801,17343
4810.36472,,6660600,13312
4812.00235,,4432583,9865
4813.32964,,5212812,14125
4814.40821,,4808797,13648
4818.46011,,5786572,17265
4821.07456,,4819326,13583
4825.14806,,5585262,6513
4827.30348,,6762119,8309
4828.20376,,5183248,17092
4829.13505,,5200491,11293
4829.87761,,5186209,11895
4831.04957,,4763224,17781
4831.77699,,4452355,19858
4835.93739,,6821995,12579
4836.82849,,9072694,10372
4838.88696,,13849754,8910
4839.5602,,6929283,9045
4840.24126,,12246385,8125
4841.88837,,6909331,7236
4843.06068,,6158986,10510
4844.03067,,5380154,7116
4844.75947,,5038743,9152
4846.47434,,5123724,16895
4849.35662,,5033774,14379
4850.37192,,4972532,13117
4851.23105,,4780367,10151
4852.79896,,5747598,19134
4854.28496,,4788838,16962
4855.5376,,7714047,15177
4856.29178,,4623009,19386
4857.66542,,6090109,8212
4858.36297,,4654793,19124
4859.74748,,5289554,13913
4861.42805,,8527491,14066
4863.13724,,4609703,20231
4864.72177,,8781217,11710
4869.45975,,6938287,10698
4870.13792,,4738369,7421
4872.67557,,4823199,18970
4874.62183,,4662877,17814
4877.2077,,6108408,7348
4878.32152,,4697354,11973
4879.23855,,6477258,17707
4880.24766,,5182603,8787
4882.37296,,5324544,16112
4883.77436,,4544960,17398
4884.4802,,4849245,17122
4885.32618,,5677565,15703
4887.41251,,4797243,12368
4890.26038,,6317935,13292
4898.55614,,5424571,10793
4899.2182,,4627626,17834
4899.80433,,5389466,14244
4901.46563,,5911399,14203
4902.54794,,5279680,18029
4905.16316,,6542544,12973
4907.56293,,5385430,15595
4908.9953,,6380677,15092
4918.41407,,5889822,11666
4921.25612,,4979687,15995
4926.89521,,5301261,5660
4928.01061,,5157020,8833
4931.15564,,6259605,11360
4937.97177,,5507116,14001
4938.5255,,4494126,6185
4941.24403,,5755193,7601
4944.18244,,5263337,10829
4948.80094,,5644565,7820
4949.90642,,4830294,20563
4950.67503,,5642364,17452
4952.667,,5925531,16537
4956.09508,,8811032,9640
4956.97515,,5610679,15328
4957.59622,,7428851,12034
4958.49908,,83246352,11656
4959.19009,,5721668,11621
4960.71243,,7985185,21637
4961.26184,,8612838,7262
4963.085,,9153319,9720
4963.77441,,6486751,9091
4964.71447,,6950912,10874
4966.05875,,4918009,19501
4967.86899,,4698698,18717
4968.41119,,4704021,21050
4968.89827,,4950761,14830
4971.31077,,5651209,8797
4972.40132,,4619048,17404
4973.02629,,6809715,11114
4975.49319,,4795813,16316
4977.34983,,6238005,5231
4978.40841,,6993350,8126
4979.43898,,6202620,8028
4981.31979,,4811900,16517
4984.07463,,6382548,13983
4985.60504,,4556096,10251
4986.48552,,5469395,7631
4991.66873,,6247489,10214
4993.38736,,4873425,10680
4997.07671,,5939343,24114
4997.70083,,6243849,9639
