ion,mass,Intensities
b01,71.037114,0.9615833
,72.039904,0.035875
,73.041549,0.0024753
b02,199.095691,0.8990178
,200.098412,0.0906172
,201.100411,0.0096678
b03,286.12772,0.8623812
,287.130463,0.1194277
,288.132515,0.0165498
b04,373.159748,0.8272376
,374.162505,0.1457395
,375.164611,0.0240299
,376.167011,0.0027262
b05,487.202676,0.7820226
,488.205379,0.1787194
,489.207568,0.0340221
,490.20993,0.0046645
b06,574.234704,0.7501537
,575.237421,0.1997096
,576.239647,0.0425763
,577.242016,0.0066171
b07,675.282382,0.7116618
,676.285135,0.2242048
,677.287422,0.053242
,678.289807,0.0093565
b08,812.341294,0.6574603
,813.343996,0.2581102
,814.346362,0.0683295
,815.348737,0.0135666
,816.351056,0.0022304
b09,941.383887,0.6155025
,942.386632,0.2786289
,943.389043,0.0832126
,944.391448,0.018638
,945.393796,0.0034495
b10,1038.436651,0.5790313
,1039.439427,0.2964755
,1040.4419,0.0958687
,1041.444338,0.0231805
,1042.446724,0.004599
b11,1151.520715,0.5385997
,1152.523528,0.3138499
,1153.526071,0.1109283
,1154.528554,0.0291193
,1155.530985,0.0062283
b12,1280.563308,0.5042274
,1281.566141,0.324124
,1282.568708,0.1253753
,1283.571211,0.035952
,1284.57366,0.008391
b13,1379.631722,0.4742399
,1380.634572,0.3330962
,1381.637177,0.1377501
,1382.639708,0.0419798
,1383.642185,0.0103665
,1384.644627,0.0021792
b14,1492.715786,0.4411255
,1493.718657,0.3410227
,1494.721307,0.1518847
,1495.723875,0.0494853
,1496.726387,0.0129983
,1497.728861,0.0028971
b15,1620.810749,0.4087816
,1621.813613,0.3464588
,1622.816284,0.1661038
,1623.81887,0.0578273
,1624.821401,0.0161519
,1625.823892,0.0038155
b16,1749.853342,0.382694
,1750.856217,0.3473479
,1751.8589,0.177932
,1752.861498,0.0661193
,1753.86404,0.0197019
,1754.866542,0.0049639
b17,1878.895935,0.3582713
,1879.89882,0.3467124
,1880.901514,0.188868
,1881.904124,0.0745444
,1882.906676,0.0235767
,1883.909188,0.0063026
b18,1979.943614,0.3398877
,1980.946501,0.3455149
,1981.949204,0.1969543
,1982.951822,0.0812018
,1983.954382,0.0267974
,1984.956902,0.0074691
,1985.95939,0.0018175
b19,2079.012028,0.3196738
,2080.014922,0.3440081
,2081.017645,0.2057254
,2082.020281,0.0885978
,2083.02286,0.030453
,2084.025397,0.0088226
,2085.027902,0.0022281
b20,2193.054955,0.3022011
,2194.057833,0.3410282
,2195.060547,0.2130894
,2196.063178,0.095708
,2197.065753,0.0342677
,2198.068286,0.010333
,2199.070788,0.0027144
b21,2349.156066,0.2780073
,2350.158903,0.3364603
,2351.1616,0.2230799
,2352.164219,0.1057142
,2353.166786,0.0397818
,2354.169313,0.0125726
,2355.171809,0.0034542
b22,2486.214978,0.2568337
,2487.217794,0.3307505
,2488.220486,0.2313963
,2489.223104,0.1151542
,2490.225671,0.0453576
,2491.2282,0.0149677
,2492.230699,0.0042858
b23,2642.316089,0.2362719
,2643.318873,0.3235925
,2644.321548,0.2389386
,2645.324155,0.1249237
,2646.326714,0.0515289
,2647.329236,0.0177642
,2648.33173,0.0053039
b24,2713.353203,0.2271951
,2714.355987,0.3196374
,2715.358665,0.2419516
,2716.361276,0.1295133
,2717.363839,0.0546456
,2718.366365,0.0192572
,2719.368863,0.0058743
b25,2826.437267,0.2113309
,2827.440066,0.3122583
,2828.442763,0.2469618
,2829.445394,0.1376648
,2830.447977,0.0603446
,2831.450523,0.022053
,2832.45304,0.0069664
,2833.455532,0.0019492
b26,2925.505681,0.1987626
,2926.508488,0.3055271
,2927.511198,0.2504693
,2928.513843,0.1443771
,2929.516439,0.0653295
,2930.518999,0.0246125
,2931.521529,0.0080067
,2932.524034,0.0023052
b27,3012.537709,0.1906627
,3013.540517,0.3002624
,3014.543227,0.2521926
,3015.545872,0.1489381
,3016.548469,0.0690485
,3017.551029,0.0266533
,3018.553559,0.0088842
,3019.556065,0.0026209
b28,3111.606123,0.1793236
,3112.608938,0.2930868
,3113.61166,0.2546483
,3114.614317,0.1552305
,3115.616927,0.074163
,3116.6195,0.0294649
,3117.622043,0.0100986
,3118.624561,0.0030608
b29,3242.646608,0.1602134
,3243.649415,0.2726647
,3244.651858,0.2529941
,3245.654092,0.1673209
,3246.656213,0.0875775
,3247.658277,0.0383341
,3248.660322,0.0145161
,3249.662368,0.0048657
b30,3371.689201,0.1499889
,3372.692015,0.2642779
,3373.694483,0.2533401
,3374.69675,0.1728935
,3375.698902,0.0933219
,3376.700996,0.0421145
,3377.703066,0.0164417
,3378.705133,0.0056827
,3379.707208,0.0017681
b31,3500.731794,0.1404169
,3501.734616,0.2558511
,3502.737106,0.2531187
,3503.739402,0.178066
,3504.741584,0.0990124
,3505.743706,0.0460168
,3506.745801,0.0185005
,3507.747888,0.0065853
,3508.749979,0.0021105
b32,3613.815858,0.1306121
,3614.818689,0.2472196
,3615.821209,0.2528163
,3616.82354,0.1832983
,3617.825756,0.1048387
,3618.827909,0.0500525
,3619.83003,0.0206517
,3620.83214,0.0075389
,3621.834251,0.0024765
b33,3742.858451,0.1222767
,3743.861288,0.2387912
,3744.863828,0.2515295
,3745.866183,0.1876478
,3746.868426,0.1103693
,3747.870604,0.0541703
,3748.872747,0.0229749
,3749.874876,0.0086213
,3750.877003,0.0029114
b34,3813.895565,0.1175793
,3814.898401,0.2340043
,3815.900949,0.250735
,3816.903316,0.1900614
,3817.905571,0.1135004
,3818.907761,0.0565314
,3819.909914,0.0243226
,3820.912052,0.0092566
,3821.914186,0.0031698
b35,3912.963979,0.1105866
,3913.966821,0.2266747
,3914.969387,0.249323
,3915.971778,0.1935969
,3916.974057,0.1182612
,3917.976269,0.0601924
,3918.978442,0.0264456
,3919.980597,0.0102719
,3920.982747,0.0035884
b36,4027.990922,0.1046816
,4028.993766,0.2196972
,4029.996343,0.2472632
,4030.998749,0.1963776
,4032.001045,0.1226701
,4033.003273,0.0638428
,4034.005462,0.0286823
,4035.007631,0.0113933
,4036.009791,0.0040711
b37,4214.070235,0.0919104
,4215.073089,0.2047249
,4216.075703,0.2428157
,4217.078154,0.2022801
,4218.080496,0.1321046
,4219.082768,0.0717071
,4220.084997,0.0335382
,4221.087201,0.0138492
,4222.089393,0.0051384
,4223.091582,0.0017357
b38,4377.133564,0.0825756
,4378.136432,0.192482
,4379.139075,0.237936
,4380.141563,0.2060119
,4381.143944,0.1395572
,4382.146254,0.0784626
,4383.148517,0.0379695
,4384.150753,0.016209
,4385.152974,0.0062131
,4386.155188,0.0021671
b39,4492.160507,0.0781663
,4493.163376,0.1860318
,4494.166027,0.2347102
,4495.168526,0.2073631
,4496.170919,0.1433172
,4497.173242,0.0822043
,4498.175518,0.0405848
,4499.177766,0.0176772
,4500.179996,0.0069143
,4501.182219,0.0024613
b40,4620.219084,0.0730804
,4621.221949,0.1785674
,4622.224604,0.2309062
,4623.227112,0.2088353
,4624.229517,0.1476276
,4625.231852,0.0865549
,4626.23414,0.0436608
,4627.236397,0.0194236
,4628.238636,0.0077579
,4629.240866,0.0028194
b41,4776.320195,0.0672297
,4777.323041,0.1697693
,4778.325691,0.226191
,4779.328201,0.2103268
,4780.330611,0.1526232
,4781.332951,0.0917452
,4782.335245,0.0474039
,4783.337507,0.0215852
,4784.339749,0.0088188
,4785.341981,0.0032768
b42,4875.388609,0.0632314
,4876.391459,0.1634392
,4877.39412,0.222473
,4878.396645,0.2110622
,4879.399071,0.1561026
,4880.401428,0.0955675
,4881.403737,0.0502594
,4882.406013,0.0232824
,4883.408269,0.0096735
,4884.410513,0.0036541
b43,4990.415552,0.0598551
,4991.418404,0.1576431
,4992.421071,0.2185962
,4993.423604,0.2112255
,4994.426041,0.1591001
,4995.428409,0.0991919
,4996.430728,0.0531241
,4997.433015,0.0250629
,4998.43528,0.0106059
,4999.437532,0.0040809
b44,5061.452666,0.0575556
,5062.455517,0.1537343
,5063.458187,0.2160017
,5064.460726,0.2113468
,5065.46317,0.1611174
,5066.465544,0.1016272
,5067.467871,0.0550508
,5068.470164,0.0262631
,5069.472435,0.0112365
,5070.474692,0.0043706
,5071.476942,0.0015621
b45,5148.484694,0.0552101
,5149.487544,0.1495502
,5150.490218,0.2130134
,5151.492762,0.211236
,5152.495211,0.1631771
,5153.497593,0.1042845
,5154.499926,0.0572316
,5155.502225,0.0276608
,5156.504502,0.0119893
,5157.506764,0.0047245
,5158.509018,0.0017107
b46,5249.532373,0.0523772
,5250.535224,0.1444335
,5251.537904,0.2092745
,5252.540456,0.2109914
,5253.542916,0.1656399
,5254.545308,0.1075481
,5255.547651,0.0599515
,5256.54996,0.0294266
,5257.552246,0.0129518
,5258.554516,0.0051823
,5259.556777,0.0019053
b47,5364.559316,0.0495804
,5365.562169,0.1391491
,5366.564853,0.2051483
,5367.567413,0.2104153
,5368.569882,0.1680301
,5369.572283,0.1109702
,5370.574636,0.0629181
,5371.576954,0.0314119
,5372.579248,0.0140631
,5373.581526,0.0057239
,5374.583794,0.0021408
b48,5461.61208,0.0466425
,5462.614936,0.1336714
,5463.617629,0.2009234
,5464.620201,0.2098647
,5465.622683,0.1705152
,5466.625097,0.1144968
,5467.627463,0.0659678
,5468.629794,0.0334522
,5469.6321,0.0152062
,5470.634389,0.0062822
,5471.636667,0.0023843
b49,5590.654673,0.0436659
,5591.657533,0.1277651
,5592.660234,0.1959566
,5593.662816,0.2087531
,5594.665309,0.1729335
,5595.667736,0.1183666
,5596.670114,0.069505
,5597.672457,0.0359176
,5598.674774,0.016637
,5599.677073,0.0070036
,5600.67936,0.0027084
b50,5703.738737,0.0406169
,5704.741602,0.1217151
,5705.744314,0.1908456
,5706.746911,0.207568
,5707.74942,0.1753712
,5708.751863,0.1223208
,5709.754257,0.0731456
,5710.756615,0.0384717
,5711.758946,0.0181289
,5712.761259,0.0077608
,5713.763559,0.003051
b51,5804.786415,0.0385327
,5805.789282,0.1173508
,5806.791998,0.186885
,5807.794602,0.2063484
,5808.797119,0.1769264
,5809.799571,0.1252015
,5810.801973,0.0759419
,5811.804339,0.0405088
,5812.806679,0.0193571
,5813.808999,0.0084023
,5814.811305,0.0033491
b52,5875.823529,0.0370524
,5876.826395,0.1142249
,5877.829113,0.1840106
,5878.83172,0.2054183
,5879.834242,0.1780025
,5880.836699,0.1272627
,5881.839107,0.0779687
,5882.841478,0.0419998
,5883.843822,0.0202639
,5884.846147,0.0088799
,5885.848458,0.0035729
b53,5988.907593,0.0344652
,5989.910463,0.1086855
,5990.913192,0.1788175
,5991.915813,0.2036267
,5992.918349,0.1798182
,5993.920821,0.130914
,5994.923243,0.0816224
,5995.925629,0.0447212
,5996.927987,0.021937
,5997.930324,0.0097698
,5998.932647,0.0039937
b54,6101.991657,0.0320586
,6102.994532,0.1033628
,6103.997271,0.1736128
,6104.999903,0.2015965
,6106.002453,0.181368
,6107.00494,0.1344219
,6108.007377,0.0852679
,6109.009776,0.0475074
,6110.012148,0.0236871
,6111.014498,0.0107188
,6112.016833,0.0044507
,6113.019157,0.0017107
b55,6173.028771,0.030827
,6174.031645,0.100542
,6175.034385,0.1707304
,6176.037021,0.2003378
,6177.039575,0.1820692
,6178.042066,0.1362754
,6179.044508,0.0872778
,6180.046912,0.0490872
,6181.049288,0.0247023
,6182.051642,0.0112807
,6183.053981,0.0047264
,6184.056308,0.0018329
b56,6310.087683,0.0284792
,6311.090548,0.0950929
,6312.093285,0.1650633
,6313.095922,0.1977516
,6314.09848,0.1833129
,6315.100975,0.1398403
,6316.103422,0.091221
,6317.105831,0.0522273
,6318.108212,0.0267427
,6319.110571,0.0124214
,6320.112914,0.0052915
,6321.115245,0.0020858
b57,6424.13061,0.0269226
,6425.13347,0.091305
,6426.136206,0.1608889
,6427.138842,0.1955895
,6428.141402,0.1839185
,6429.143899,0.1422846
,6430.146349,0.0941072
,6431.148762,0.0546205
,6432.151145,0.0283488
,6433.153507,0.0133452
,6434.155852,0.0057614
,6435.158185,0.0023014
b58,6580.231721,0.0247672
,6581.234567,0.0860206
,6582.237295,0.1550015
,6583.239929,0.1924615
,6584.242487,0.1846704
,6585.244985,0.1456669
,6586.247436,0.0981683
,6587.24985,0.0580241
,6588.252235,0.0306539
,6589.254598,0.0146824
,6590.256944,0.0064471
,6591.259278,0.0026185
b59,6695.258664,0.0234447
,6696.261512,0.0825754
,6697.264243,0.1508793
,6698.26688,0.1899571
,6699.269444,0.1848019
,6700.271948,0.1477938
,6701.274405,0.1009831
,6702.276825,0.0605162
,6703.279216,0.0324148
,6704.281585,0.015742
,6705.283937,0.0070089
,6706.286276,0.0028866
b60,6824.301257,0.0219485
,6825.304108,0.0786247
,6826.306844,0.1460649
,6827.309489,0.1869249
,6828.31206,0.1848099
,6829.314572,0.1501802
,6830.317038,0.1042534
,6831.319467,0.0634684
,6832.321867,0.0345339
,6833.324245,0.0170357
,6834.326604,0.0077043
,6835.32895,0.0032229
b61,6953.34385,0.0205478
,6954.346704,0.0748419
,6955.349445,0.1413246
,6956.352096,0.1837865
,6957.354675,0.1846107
,6958.357196,0.1523912
,6959.359671,0.1074481
,6960.362108,0.0664334
,6961.364516,0.0367082
,6962.366902,0.0183884
,6963.369269,0.0084445
,6964.371622,0.003587
b62,7081.438813,0.0190412
,7082.441666,0.0707724
,7083.44441,0.136212
,7084.447066,0.1803763
,7085.449652,0.1843549
,7086.45218,0.1547425
,7087.454663,0.1108828
,7088.457109,0.0696412
,7089.459525,0.0390737
,7090.461918,0.0198681
,7091.464293,0.0092586
,7092.466653,0.0039897
,7093.469003,0.0016015
b63,7210.481406,0.017826
,7211.484262,0.0673271
,7212.48701,0.1316378
,7213.489673,0.1770439
,7214.492266,0.1837427
,7215.494802,0.156586
,7216.497293,0.1139052
,7217.499746,0.0726176
,7218.502171,0.0413549
,7219.504571,0.0213424
,7220.506953,0.0100939
,7221.509321,0.0044144
,7222.511676,0.0017984
b64,7347.540318,0.0164684
,7348.543166,0.0634764
,7349.545912,0.1265123
,7350.548574,0.173285
,7351.551169,0.1830144
,7352.553708,0.1586152
,7353.556202,0.1172779
,7354.558659,0.0759613
,7355.561087,0.0439318
,7356.563492,0.0230168
,7357.565877,0.0110478
,7358.568248,0.0049021
,7359.570606,0.0020257
b65,7418.577432,0.0158357
,7419.580279,0.0616286
,7420.583026,0.12397
,7421.58569,0.1713245
,7422.588288,0.1825174
,7423.59083,0.1595249
,7424.593327,0.1189279
,7425.595788,0.0776561
,7426.59822,0.045271
,7427.600628,0.0239052
,7428.603017,0.0115635
,7429.60539,0.0051704
,7430.607752,0.0021528
b66,7489.614546,0.0152274
,7490.617393,0.0598292
,7491.62014,0.1214575
,7492.622807,0.1693436
,7493.625407,0.1819627
,7494.627952,0.1603767
,7495.630453,0.1205457
,7496.632917,0.0793472
,7497.635352,0.0466237
,7498.637764,0.0248119
,7499.640156,0.0120946
,7500.642532,0.0054491
,7501.644897,0.002286
b67,7620.655031,0.0136046
,7621.657873,0.0543714
,7622.660567,0.1127846
,7623.663143,0.1612601
,7624.665626,0.1782073
,7625.668034,0.1619114
,7626.670383,0.1256884
,7627.672686,0.0855738
,7628.674951,0.052073
,7629.677188,0.028727
,7630.679403,0.0145274
,7631.6816,0.0067945
,7632.683785,0.0029603
b68,7721.702709,0.0129065
,7722.705553,0.0522115
,7723.708251,0.1095808
,7724.710832,0.1584727
,7725.713322,0.177084
,7726.715738,0.1626537
,7727.718095,0.1276261
,7728.720406,0.0878177
,7729.722679,0.054001
,7730.724924,0.0301016
,7731.727146,0.0153803
,7732.729351,0.0072675
,7733.731543,0.003199
b69,7834.786773,0.0120053
,7835.789621,0.0494145
,7836.792327,0.1054129
,7837.79492,0.1548188
,7838.797422,0.1755759
,7839.799851,0.1635776
,7840.802221,0.1301279
,7841.804545,0.0907429
,7842.806832,0.0565309
,7843.809089,0.0319153
,7844.811324,0.0165117
,7845.81354,0.0078983
,7846.815743,0.0035188
,7847.817936,0.0014689
b70,7963.829366,0.0112392
,7964.832217,0.0469364
,7965.834928,0.1015521
,7966.837528,0.1512287
,7967.840039,0.1738569
,7968.842477,0.1641681
,7969.844858,0.1323462
,7970.847192,0.0935151
,7971.849489,0.0590264
,7972.851756,0.0337617
,7973.854,0.0176954
,7974.856226,0.008575
,7975.858438,0.00387
,7976.86064,0.0016366
b71,8149.908679,0.009868
,8150.911535,0.0424804
,8151.914259,0.0945628
,8152.916876,0.1446599
,8153.919406,0.1706228
,8154.921866,0.1651218
,8155.924268,0.1363041
,8156.926624,0.0985434
,8157.928942,0.0635993
,8158.93123,0.0371739
,8159.933494,0.0199005
,8160.93574,0.0098453
,8161.93797,0.0045345
,8162.940189,0.0019562
b72,8262.992743,0.0091789
,8263.995603,0.040163
,8264.998334,0.0907917
,8266.00096,0.1409444
,8267.003501,0.1685973
,8268.005973,0.1653921
,8269.008387,0.1383347
,8270.010755,0.1012988
,8271.013086,0.0661984
,8272.015386,0.0391683
,8273.017661,0.0212205
,8274.019917,0.0106225
,8275.022158,0.0049494
,8276.024388,0.0021597
b73,8419.093854,0.0084441
,8420.096703,0.0376382
,8421.099428,0.0865869
,8422.102052,0.1366781
,8423.104593,0.1661304
,8424.107066,0.1655044
,8425.109483,0.1405106
,8426.111854,0.1043957
,8427.114187,0.0691939
,8428.11649,0.0415105
,8429.118769,0.0227961
,8430.121028,0.011564
,8431.123271,0.0054589
,8432.125503,0.0024129
b74,8575.194965,0.0077681
,8576.197804,0.0352601
,8577.200524,0.0825253
,8578.203145,0.1324252
,8579.205686,0.1635201
,8580.20816,0.1654016
,8581.210579,0.1425086
,8582.212952,0.1074083
,8583.215289,0.0721925
,8584.217595,0.0439052
,8585.219876,0.0244362
,8586.222138,0.01256
,8587.224384,0.0060063
,8588.226618,0.0026888
b75,8689.237893,0.0073435
,8690.240728,0.0337174
,8691.243446,0.0797983
,8692.246068,0.129448
,8693.24861,0.1615529
,8694.251087,0.1651279
,8695.253509,0.1437441
,8696.255886,0.1094456
,8697.258226,0.0743047
,8698.260536,0.0456419
,8699.262821,0.0256551
,8700.265086,0.0133166
,8701.267336,0.0064306
,8702.269573,0.0029069
b76,8804.264836,0.0069513
,8805.267672,0.0322574
,8806.270393,0.0771498
,8807.273019,0.1264644
,8808.275566,0.1594751
,8809.278048,0.1646961
,8810.280476,0.1448518
,8811.282859,0.1114278
,8812.285205,0.0764309
,8813.287521,0.0474323
,8814.289813,0.0269366
,8815.292084,0.0141263
,8816.294339,0.0068922
,8817.296582,0.0031479
b77,8875.30195,0.0066843
,8876.304785,0.0312675
,8877.307507,0.0753604
,8878.310136,0.124454
,8879.312686,0.1580784
,8880.315171,0.1644083
,8881.317603,0.1455989
,8882.31999,0.1127625
,8883.322341,0.0778624
,8884.324661,0.0486383
,8885.326956,0.0278007
,8886.329231,0.0146729
,8887.33149,0.0072044
,8888.333736,0.0033112
,8889.335972,0.0014321
b78,9003.396913,0.0061942
,9004.399748,0.0294362
,9005.402472,0.0720201
,9006.405105,0.1206596
,9007.407662,0.1553931
,9008.410154,0.1637902
,9009.412594,0.1469448
,9010.414989,0.1152506
,9011.417348,0.0805671
,9012.419676,0.0509383
,9013.421979,0.0294617
,9014.424262,0.0157312
,9015.426529,0.0078128
,9016.428782,0.0036315
,9017.431024,0.0015881
b79,9189.476226,0.0054385
,9190.479066,0.026545
,9191.4818,0.0666131
,9192.484447,0.1143315
,9193.487019,0.1506975
,9194.489529,0.1624294
,9195.491986,0.148907
,9196.4944,0.1192644
,9197.496776,0.0850919
,9198.499123,0.054881
,9199.501444,0.0323661
,9200.503744,0.0176148
,9201.506027,0.0089135
,9202.508296,0.0042201
,9203.510554,0.0018792
b80,9260.513339,0.0052296
,9261.516179,0.0257204
,9262.518915,0.0650197
,9263.521563,0.112395
,9264.524138,0.1491763
,9265.526651,0.161883
,9266.529112,0.1493944
,9267.531529,0.1204373
,9268.533909,0.0864817
,9269.536259,0.0561313
,9270.538584,0.0333108
,9271.540888,0.0182413
,9272.543174,0.0092872
,9273.545447,0.0044237
,9274.547708,0.0019818
b81,9389.555932,0.0048958
,9390.558774,0.0243732
,9391.561514,0.062355
,9392.564167,0.109067
,9393.566748,0.1464563
,9394.569268,0.1607765
,9395.571736,0.150082
,9396.574161,0.1223758
,9397.576549,0.0888737
,9398.578907,0.0583375
,9399.581239,0.0350112
,9400.58355,0.0193885
,9401.585844,0.0099823
,9402.588124,0.0048083
,9403.590392,0.0021783
b82,9526.614844,0.004523
,9527.617681,0.0228676
,9528.620418,0.0593731
,9529.623072,0.1053336
,9530.625654,0.1433898
,9531.628177,0.1595075
,9532.630648,0.1508246
,9533.633077,0.124532
,9534.635469,0.0915533
,9535.637831,0.0608209
,9536.640168,0.0369331
,9537.642484,0.0206905
,9538.644782,0.0107744
,9539.647065,0.0052482
,9540.649337,0.002404
b83,9639.698908,0.0042071
,9640.701748,0.0215683
,9641.704491,0.0567487
,9642.707152,0.1019728
,9643.709743,0.1405394
,9644.712274,0.1582196
,9645.714755,0.1513591
,9646.717194,0.1264009
,9647.719596,0.0939651
,9648.721968,0.063106
,9649.724314,0.0387323
,9650.726639,0.0219275
,9651.728946,0.0115373
,9652.731239,0.0056774
,9653.733519,0.0026269
b84,9795.800019,0.0038703
,9796.802851,0.020158
,9797.805588,0.0538475
,9798.808245,0.0981786
,9799.810835,0.1372259
,9800.813366,0.1566082
,9801.815848,0.1518149
,9802.818287,0.1284287
,9803.820691,0.0966844
,9804.823065,0.0657392
,9805.825413,0.0408403
,9806.82774,0.0233977
,9807.830049,0.0124559
,9808.832343,0.0062006
,9809.834625,0.0029019
b85,9896.847698,0.0036717
,9897.85053,0.0193029
,9898.85327,0.0520366
,9899.85593,0.0957323
,9900.858524,0.1349941
,9901.861059,0.1554099
,9902.863546,0.1519567
,9903.865991,0.1296496
,9904.8684,0.0984321
,9905.870779,0.0674916
,9906.873132,0.04228
,9907.875464,0.0244244
,9908.877778,0.0131102
,9909.880077,0.0065803
,9910.882364,0.0031049
b86,10059.911026,0.0032988
,10060.913865,0.017684
,10061.916614,0.0485766
,10062.919286,0.0910066
,10063.921892,0.1306161
,10064.924441,0.1529781
,10065.926942,0.1521124
,10066.929401,0.1319342
,10067.931825,0.1017957
,10068.934218,0.0709135
,10069.936586,0.0451226
,10070.938932,0.0264708
,10071.94126,0.0144262
,10072.943573,0.0073503
,10073.945873,0.0035201
,10074.948162,0.0015918
b87,10172.99509,0.0030685
,10173.997932,0.0166661
,10175.000686,0.0463605
,10176.003365,0.0879158
,10177.005978,0.1276726
,10178.008535,0.1512484
,10179.011045,0.1520754
,10180.013513,0.1333432
,10181.015946,0.1039829
,10182.018348,0.0731965
,10183.020725,0.0470548
,10184.02308,0.0278838
,10185.025417,0.0153479
,10186.027738,0.0078969
,10187.030046,0.0038186
,10188.032343,0.0017434
b88,10320.063504,0.0027635
,10321.066352,0.015295
,10322.069115,0.0433206
,10323.071804,0.0835897
,10324.074429,0.1234433
,10325.077,0.148635
,10326.079523,0.1518279
,10327.082005,0.135192
,10328.084451,0.1070219
,10329.086868,0.0764525
,10330.089259,0.0498619
,10331.091628,0.0299686
,10332.093978,0.0167266
,10333.096312,0.008725
,10334.098632,0.0042764
,10335.100942,0.0019785
b89,10421.111183,0.0026217
,10422.114031,0.0146381
,10423.116796,0.0418193
,10424.119488,0.0813809
,10425.122117,0.1211915
,10426.124691,0.1471353
,10427.127218,0.1515307
,10428.129704,0.1360254
,10429.132156,0.1085509
,10430.134577,0.0781663
,10431.136973,0.0513859
,10432.139346,0.0311294
,10433.141701,0.0175116
,10434.144039,0.0092063
,10435.146364,0.0045477
,10436.148678,0.0021205
b90,10550.153776,0.0024544
,10551.156626,0.0138515
,10552.159394,0.0399929
,10553.16209,0.0786463
,10554.164723,0.1183418
,10555.167303,0.145164
,10556.169835,0.1510394
,10557.172328,0.1369726
,10558.174785,0.110421
,10559.177213,0.0803204
,10560.179614,0.0533367
,10561.181994,0.0326377
,10562.184355,0.0185453
,10563.186699,0.009848
,10564.18903,0.0049136
,10565.191349,0.0023142
b91,10607.17524,0.0023864
,10608.178089,0.0135301
,10609.180855,0.0392426
,10610.183551,0.0775155
,10611.186184,0.1171532
,10612.188764,0.1443293
,10613.191297,0.1508144
,10614.19379,0.1373483
,10615.196249,0.1111888
,10616.198677,0.0812159
,10617.20108,0.0541544
,10618.203461,0.0332742
,10619.205822,0.0189843
,10620.208168,0.0101221
,10621.2105,0.0050708
,10622.21282,0.0023979
b92,10704.228003,0.002245
,10705.230854,0.0128616
,10706.233624,0.0376804
,10707.236323,0.0751578
,10708.238962,0.1146696
,10709.241547,0.1425779
,10710.244086,0.1503317
,10711.246586,0.1381207
,10712.24905,0.1127848
,10713.251485,0.0830841
,10714.253894,0.0558649
,10715.256281,0.0346088
,10716.258649,0.0199067
,10717.261,0.0106993
,10718.263338,0.0054027
,10719.265664,0.0025749
b93,10817.312067,0.0020882
,10818.314921,0.0121111
,10819.317695,0.0359039
,10820.3204,0.0724382
,10821.323045,0.111754
,10822.325638,0.1404622
,10823.328185,0.1496703
,10824.330692,0.1389374
,10825.333165,0.1146027
,10826.335608,0.0852637
,10827.338025,0.0578912
,10828.34042,0.0362094
,10829.342795,0.0210248
,10830.345155,0.011406
,10831.3475,0.0058127
,10832.349833,0.0027956
b94,10918.359746,0.0019811
,10919.3626,0.0115864
,10920.365376,0.0346325
,10921.368084,0.0704426
,10922.370732,0.1095494
,10923.373328,0.1387855
,10924.375878,0.1490468
,10925.378389,0.139437
,10926.380866,0.1159041
,10927.383314,0.086894
,10928.385735,0.0594484
,10929.388134,0.0374656
,10930.390514,0.0219187
,10931.392878,0.0119804
,10932.395227,0.0061512
,10933.397565,0.0029806
b95,10989.39686,0.001905
,10990.399714,0.0112124
,10991.40249,0.0337226
,10992.405199,0.0690077
,10993.407848,0.1079544
,10994.410446,0.1375604
,10995.412999,0.1485757
,10996.415512,0.1397784
,10997.417992,0.1168324
,10998.420442,0.0880696
,10999.422866,0.0605788
,11000.425268,0.0383825
,11001.42765,0.0225742
,11002.430016,0.0124036
,11003.432368,0.0064017
,11004.434708,0.003118
,11005.437038,0.0014389
b96,11060.433973,0.0018318
,11061.436827,0.01085
,11062.439604,0.032834
,11063.442313,0.0675942
,11064.444964,0.1063669
,11065.447564,0.1363216
,11066.450119,0.1480747
,11067.452635,0.1400866
,11068.455117,0.117736
,11069.45757,0.0892341
,11070.459996,0.0617102
,11071.462401,0.0393077
,11072.464786,0.0232403
,11073.467155,0.0128364
,11074.469509,0.0066595
,11075.471852,0.0032603
,11076.474183,0.0015123
b97,11174.476901,0.0017317
,11175.479752,0.0103476
,11176.482527,0.0315855
,11177.485235,0.0655789
,11178.487886,0.1040635
,11179.490486,0.1344768
,11180.493042,0.1472696
,11181.495559,0.1404566
,11182.498043,0.1189971
,11183.500497,0.0909101
,11184.502926,0.0633677
,11185.505332,0.0406814
,11186.507719,0.024241
,11187.510089,0.0134935
,11188.512446,0.0070547
,11189.51479,0.0034805
,11190.517123,0.0016269
b98,11261.508929,0.0016611
,11262.51178,0.0099885
,11263.514555,0.0306801
,11264.517265,0.0640947
,11265.519917,0.1023358
,11266.522519,0.1330556
,11267.525076,0.146603
,11268.527596,0.1406715
,11269.530081,0.1199019
,11270.532538,0.0921555
,11271.534969,0.0646236
,11272.537377,0.0417378
,11273.539767,0.0250203
,11274.54214,0.0140111
,11275.544498,0.0073695
,11276.546845,0.0036577
,11277.54918,0.00172
b99,11348.540958,0.0015934
,11349.543808,0.0096415
,11350.546583,0.0297984
,11351.549294,0.0626366
,11352.551947,0.1006207
,11353.554551,0.131623
,11354.55711,0.1459043
,11355.559632,0.140847
,11356.56212,0.1207745
,11357.564578,0.0933836
,11358.567012,0.0658774
,11359.569423,0.0428023
,11360.571815,0.0258118
,11361.57419,0.0145407
,11362.576551,0.0076937
,11363.578899,0.0038414
,11364.581237,0.0018172
b100,11435.572986,0.0015285
,11436.575836,0.0093062
,11437.578612,0.0289397
,11438.581323,0.0612045
,11439.583978,0.0989189
,11440.586583,0.1301802
,11441.589144,0.1451744
,11442.591668,0.1409834
,11443.594158,0.1216144
,11444.596619,0.094594
,11445.599055,0.0671284
,11446.601468,0.0438742
,11447.603862,0.0266153
,11448.60624,0.0150823
,11449.608603,0.0080276
,11450.610954,0.0040319
,11451.613294,0.0019186
b101,11534.6414,0.0014376
,11535.644251,0.0088384
,11536.64703,0.027745
,11537.649745,0.059217
,11538.652404,0.0965621
,11539.655014,0.1281868
,11540.657581,0.1441701
,11541.66011,0.1411771
,11542.662606,0.1227793
,11543.665073,0.0962688
,11544.667514,0.0688581
,11545.669933,0.045356
,11546.672333,0.027726
,11547.674717,0.0158311
,11548.677085,0.0084894
,11549.679441,0.0042955
,11550.681787,0.0020591
b102,11649.668343,0.0013608
,11650.671195,0.0084331
,11651.673975,0.0266829
,11652.676692,0.0574011
,11653.679354,0.0943407
,11654.681966,0.1262257
,11655.684536,0.1430829
,11656.687068,0.1412153
,11657.689568,0.1237789
,11658.692038,0.0978163
,11659.694483,0.0705157
,11660.696906,0.0468137
,11661.69931,0.0288427
,11662.701696,0.0165988
,11663.704069,0.0089715
,11664.706428,0.0045754
,11665.708777,0.0022107
b103,11777.763306,0.001261
,11778.766157,0.0079087
,11779.768938,0.0253141
,11780.771657,0.0550688
,11781.774322,0.0914963
,11782.776938,0.1237229
,11783.779512,0.1417026
,11784.782049,0.1412739
,11785.784553,0.1250627
,11786.787028,0.0997959
,11787.789478,0.0726332
,11788.791906,0.0486747
,11789.794315,0.0302681
,11790.796707,0.0175788
,11791.799084,0.0095871
,11792.801448,0.0049331
,11793.803801,0.0024045
b104,11890.84737,0.001173
,11891.850224,0.0074394
,11892.853009,0.0240715
,11893.855733,0.0529192
,11894.858403,0.0888287
,11895.861025,0.1213194
,11896.863606,0.14031
,11897.866149,0.1412255
,11898.86866,0.1261937
,11899.871143,0.1016267
,11900.8736,0.0746359
,11901.876035,0.050463
,11902.878451,0.0316559
,11903.88085,0.0185442
,11904.883234,0.0102002
,11905.885605,0.0052929
,11906.887964,0.0026015
b105,11961.884484,0.0011279
,11962.887337,0.0071956
,11963.890123,0.0234165
,11964.892847,0.0517682
,11965.895519,0.0873747
,11966.898143,0.1199779
,11967.900725,0.1394955
,11968.90327,0.14114
,11969.905784,0.1267679
,11970.908268,0.1026092
,11971.910728,0.0757369
,11972.913165,0.0514625
,11973.915583,0.0324423
,11974.917984,0.0190978
,11975.92037,0.0105557
,11976.922744,0.0055037
,11977.925106,0.0027181
b106,12032.921598,0.0010846
,12033.924451,0.0069597
,12034.927236,0.0227778
,12035.929962,0.0506374
,12036.932634,0.0859336
,12037.93526,0.1186329
,12038.937844,0.1386604
,12039.940391,0.1410251
,12040.942907,0.1273149
,12041.945394,0.1035742
,12042.947855,0.0768323
,12043.950295,0.0524657
,12044.952715,0.0332371
,12045.955119,0.0196609
,12046.957507,0.0109193
,12047.959883,0.0057206
,12048.962247,0.0028386
,12049.964601,0.0013389
b107,12103.958711,0.0010429
,12104.961564,0.0067312
,12105.96435,0.0221551
,12106.967076,0.0495265
,12107.96975,0.0845057
,12108.972377,0.1172851
,12109.974963,0.1378055
,12110.977512,0.1408813
,12111.98003,0.1278346
,12112.982519,0.1045215
,12113.984983,0.0779215
,12114.987425,0.053472
,12115.989847,0.0340401
,12116.992253,0.0202334
,12117.994644,0.0112913
,12118.997021,0.0059437
,12119.999387,0.0029633
,12121.001744,0.0014042
b108,12217.042775,0.0009701
,12218.045631,0.0063298
,12219.04842,0.0210548
,12220.051151,0.0475515
,12221.05383,0.0819493
,12222.056463,0.1148493
,12223.059055,0.1362335
,12224.061611,0.1405777
,12225.064135,0.1287299
,12226.066631,0.1062024
,12227.069102,0.0798765
,12228.071551,0.0552919
,12229.07398,0.0355014
,12230.076392,0.0212811
,12231.078789,0.0119755
,12232.081174,0.006356
,12233.083546,0.0031948
,12234.085909,0.0015262
b109,12346.085368,0.0009082
,12347.088225,0.0059804
,12348.091017,0.0200743
,12349.093751,0.0457473
,12350.096433,0.0795484
,12351.09907,0.1124799
,12352.101666,0.1346074
,12353.104227,0.1401269
,12354.106755,0.1294459
,12355.109256,0.1077291
,12356.111731,0.0817327
,12357.114185,0.0570699
,12358.116619,0.0369617
,12359.119036,0.0223488
,12360.121438,0.0126854
,12361.123826,0.0067911
,12362.126203,0.003443
,12363.12857,0.001659
b110,12483.14428,0.000839
,12484.147133,0.00559
,12485.149922,0.0189777
,12486.152654,0.0437272
,12487.155336,0.0768551
,12488.157973,0.1098138
,12489.16057,0.1327665
,12490.163132,0.1396001
,12491.165662,0.1302303
,12492.168164,0.1094307
,12493.170642,0.0838136
,12494.173098,0.0590707
,12495.175534,0.0386104
,12496.177953,0.023558
,12497.180357,0.0134918
,12498.182748,0.0072869
,12499.185127,0.0037268
,12500.187496,0.0018113
b111,12620.203192,0.0007751
,12621.206041,0.0052243
,12622.208827,0.0179364
,12623.211558,0.0417808
,12624.214239,0.0742174
,12625.216876,0.1071489
,12626.219474,0.1308628
,12627.222037,0.1389694
,12628.224569,0.1309088
,12629.227073,0.1110563
,12630.229553,0.0858611
,12631.23201,0.0610758
,12632.234449,0.0402862
,12633.23687,0.0248024
,12634.239277,0.0143309
,12635.24167,0.0078082
,12636.244051,0.0040281
,12637.246422,0.0019746
b112,12757.262104,0.0007161
,12758.264949,0.004882
,12759.267732,0.016948
,12760.270462,0.0399063
,12761.273142,0.0716366
,12762.27578,0.1044893
,12763.278378,0.1289014
,12764.280942,0.1382384
,12765.283476,0.1314816
,12766.285982,0.1126036
,12767.288463,0.0878719
,12768.290923,0.0630819
,12769.293364,0.0419873
,12770.295787,0.026081
,12771.298196,0.015203
,12772.300591,0.0083557
,12773.302975,0.0043478
,12774.305348,0.0021495
b113,12894.321016,0.0006615
,12895.323857,0.0045615
,12896.326638,0.01601
,12897.329366,0.0381024
,12898.332046,0.0691137
,12899.334683,0.1018391
,12900.337282,0.1268873
,12901.339848,0.1374105
,12902.342382,0.1319494
,12903.34489,0.1140705
,12904.347373,0.0898428
,12905.349835,0.0650861
,12906.352278,0.0437114
,12907.354704,0.0273933
,12908.357115,0.0161079
,12909.359512,0.0089298
,12910.361897,0.0046864
,12911.364273,0.0023365
b114,13031.379928,0.0006112
,13032.382765,0.0042614
,13033.385543,0.0151203
,13034.38827,0.0363672
,13035.390949,0.0666496
,13036.393587,0.0992021
,13037.396187,0.1248255
,13038.398753,0.1364894
,13039.401289,0.1323131
,13040.403798,0.1154552
,13041.406284,0.0917704
,13042.408747,0.0670853
,13043.411192,0.0454567
,13044.41362,0.0287382
,13045.416033,0.0170459
,13046.418432,0.0095311
,13047.42082,0.0050444
,13048.423197,0.0025362
encFtn,13186.449404,0.0005631
,13187.452238,0.0039704
,13188.455014,0.0142422
,13189.457739,0.0346238
,13190.460418,0.0641246
,13191.463055,0.0964353
,13192.465656,0.1225853
,13193.468223,0.1353917
,13194.47076,0.1325556
,13195.473271,0.1168046
,13196.475758,0.0937462
,13197.478224,0.0691895
,13198.480671,0.0473297
,13199.4831,0.0302052
,13200.485515,0.0180841
,13201.487917,0.0102057
,13202.490306,0.0054514
,13203.492685,0.002766
,13204.495055,0.0013374
encFtn-H2O,13168.43884,0.0005646
,13169.441673,0.0039807
,13170.444449,0.0142766
,13171.447174,0.0346991
,13172.449853,0.064245
,13173.45249,0.0965816
,13174.455091,0.1227207
,13175.457658,0.1354788
,13176.460196,0.1325736
,13177.462707,0.1167561
,13178.465194,0.0936519
,13179.467659,0.0690764
,13180.470106,0.0472208
,13181.472536,0.0301147
,13182.474951,0.0180167
,13183.477353,0.0101599
,13184.479742,0.0054226
,13185.482121,0.0027492
,13186.484491,0.0013281
encFtn-NH3,13169.422855,0.0005654
,13170.425691,0.0039841
,13171.42847,0.0142833
,13172.431198,0.0347052
,13173.433879,0.0642425
,13174.436519,0.0965642
,13175.439121,0.1226895
,13176.441691,0.1354426
,13177.44423,0.1325441
,13178.446743,0.1167416
,13179.449232,0.0936542
,13180.4517,0.0690915
,13181.454148,0.0472425
,13182.45658,0.030137
,13183.458997,0.0180358
,13184.4614,0.0101743
,13185.463791,0.0054325
,13186.466172,0.0027553
,13187.468543,0.0013317
y01,137.058912,0.9238381
,138.061408,0.0716369
,139.063492,0.0043295
y02,274.117824,0.8534769
,275.12032,0.1323618
,276.122565,0.0131313
y03,411.176736,0.7884745
,412.179231,0.1834213
,413.181547,0.0253083
,414.183817,0.0025831
y04,548.235647,0.7284228
,549.238143,0.2259355
,550.240498,0.0399342
,551.242799,0.0051464
y05,685.294559,0.6729448
,686.297055,0.2609098
,687.299436,0.0562318
,688.301761,0.0087346
y06,822.353471,0.6216921
,823.355967,0.2892461
,824.358365,0.0735533
,825.360709,0.0133576
,826.363021,0.0019188
y07,951.396064,0.582017
,952.398621,0.3057654
,953.401057,0.089598
,954.403435,0.0189469
,955.405779,0.0031941
y08,1064.480128,0.5413769
,1065.482747,0.3226875
,1066.485249,0.1057179
,1067.487687,0.0248058
,1068.490085,0.0046203
y09,1135.517242,0.520579
,1136.519871,0.3297128
,1137.522384,0.1145696
,1138.524833,0.0284832
,1139.527242,0.0056187
y10,1206.554356,0.50058
,1207.556994,0.3357221
,1208.559517,0.1232818
,1209.561977,0.0323527
,1210.564396,0.0067331
y11,1277.59147,0.4813494
,1278.594116,0.340783
,1279.596649,0.1318256
,1280.599119,0.0363994
,1281.601547,0.0079655
y12,1390.675534,0.4477385
,1391.67822,0.3486402
,1392.680797,0.1469071
,1393.68331,0.0439361
,1394.685779,0.0103762
,1395.688215,0.0020475
y13,1518.770497,0.4149098
,1519.773192,0.3539742
,1520.775788,0.1620441
,1521.778322,0.0523742
,1522.780811,0.0133199
,1523.783267,0.0028234
y14,1633.79744,0.3927549
,1634.800148,0.3543061
,1635.80275,0.1725977
,1636.805287,0.0595975
,1637.807779,0.01624
,1638.810238,0.0036971
y15,1732.865854,0.369397
,1733.868582,0.3552383
,1734.871207,0.1834852
,1735.873768,0.0669499
,1736.876283,0.0192337
,1737.878764,0.0046087
y16,1819.897882,0.3543434
,1820.900613,0.3541169
,1821.903239,0.1904947
,1822.9058,0.0724914
,1823.908315,0.0217424
,1824.910796,0.0054439
y17,1906.92991,0.3399032
,1907.932644,0.352497
,1908.935271,0.197111
,1909.937833,0.0780531
,1910.940349,0.0243801
,1911.94283,0.0063615
y18,1993.961939,0.3260515
,1994.964675,0.350421
,1995.967303,0.2033349
,1996.969866,0.0836181
,1997.972383,0.0271406
,1998.974865,0.0073628
,1999.977321,0.0017294
y19,2108.004866,0.3082303
,2109.007592,0.3474063
,2110.010215,0.2111786
,2111.012773,0.0909152
,2112.015286,0.0308794
,2113.017765,0.0087639
,2114.020217,0.0021533
y20,2179.04198,0.2963891
,2180.044708,0.3451179
,2181.047335,0.2162899
,2182.049898,0.0958797
,2183.052417,0.0335028
,2184.054901,0.0097758
,2185.057359,0.0024683
y21,2250.079094,0.2850028
,2251.081824,0.3424925
,2252.084455,0.2210936
,2253.087023,0.1008302
,2254.089546,0.0362159
,2255.092036,0.0108557
,2256.094498,0.0028144
y22,2351.126772,0.2703787
,2352.129511,0.3381181
,2353.13215,0.2269792
,2354.134727,0.1075966
,2355.137258,0.0401587
,2356.139755,0.0125064
,2357.142225,0.0033683
y23,2464.210836,0.2514991
,2465.213593,0.3322883
,2466.216256,0.2344185
,2467.218856,0.1163732
,2468.22141,0.045373
,2469.22393,0.014733
,2470.226421,0.0041312
y24,2561.2636,0.2365967
,2562.266368,0.3266371
,2563.269045,0.2399073
,2564.27166,0.1236939
,2565.27423,0.0499995
,2566.276764,0.0168092
,2567.27927,0.0048748
y25,2618.285064,0.2300399
,2619.287827,0.3236073
,2620.290501,0.2420959
,2621.293113,0.1271069
,2622.295681,0.0523098
,2623.298214,0.0179021
,2624.300718,0.0052846
y26,2747.327657,0.2153592
,2748.330431,0.3158982
,2749.333114,0.2465051
,2750.335736,0.135024
,2751.338312,0.057984
,2752.340852,0.0207105
,2753.343364,0.0063817
,2754.345853,0.001739
y27,2848.375335,0.2043087
,2849.378115,0.3096629
,2850.380804,0.2495207
,2851.383432,0.1410713
,2852.386014,0.0625097
,2853.38856,0.0230327
,2854.391078,0.0073205
,2855.393572,0.0020573
y28,2995.443749,0.1840052
,2996.446553,0.2978709
,2997.449273,0.2547512
,2998.451932,0.1522032
,2999.454545,0.0710377
,3000.457123,0.0275001
,3001.459671,0.009164
,3002.462195,0.0026956
y29,3108.527813,0.1711568
,3109.530629,0.2891716
,3110.533364,0.2572679
,3111.536039,0.1595199
,3112.538669,0.0771303
,3113.541264,0.0308887
,3114.543828,0.0106361
,3115.546368,0.0032299
y30,3271.591142,0.1537735
,3272.593978,0.2757236
,3273.596736,0.2594117
,3274.599436,0.1696562
,3275.602091,0.0863487
,3276.60471,0.0363422
,3277.607299,0.0131343
,3278.609862,0.0041817
y31,3372.63882,0.145883
,3373.641659,0.2686976
,3374.644421,0.2596088
,3375.647124,0.1743192
,3376.649783,0.0910764
,3377.652405,0.0393444
,3378.654997,0.0145937
,3379.657564,0.0047683
y32,3528.739931,0.1342038
,3529.742746,0.2581607
,3530.745491,0.2597121
,3531.748181,0.1811646
,3532.750829,0.0981549
,3533.753443,0.0439074
,3534.756028,0.0168441
,3535.758588,0.0056864
,3536.761127,0.001721
y33,3641.823995,0.1248329
,3642.82682,0.2489593
,3643.829576,0.259077
,3644.83228,0.1866221
,3645.834942,0.1042708
,3646.837569,0.0480472
,3647.840168,0.0189695
,3648.842741,0.0065855
,3649.845294,0.0020483
y34,3778.882907,0.1153254
,3779.88572,0.2389408
,3780.888468,0.2577203
,3781.891167,0.1920701
,3782.893825,0.110869
,3783.89645,0.052717
,3784.899047,0.0214558
,3785.901621,0.0076721
,3786.904173,0.0024561
y35,3907.9255,0.1079655
,3908.928319,0.2301806
,3909.931073,0.2555449
,3910.933776,0.1960707
,3911.936439,0.1165402
,3912.939069,0.0570687
,3913.941671,0.0239241
,3914.944248,0.0088128
,3915.946804,0.0029067
y36,3978.962614,0.1038179
,3979.965432,0.2252111
,3980.968186,0.254252
,3981.970891,0.1982824
,3982.973556,0.1197456
,3983.976187,0.0595609
,3984.97879,0.0253552
,3985.981369,0.0094824
,3986.983928,0.0031747
y37,4165.041927,0.091152
,4166.044756,0.2094684
,4167.047527,0.2495678
,4168.050251,0.2047889
,4169.052935,0.1298141
,4170.055588,0.0676367
,4171.058212,0.0301093
,4172.060812,0.0117577
,4173.063392,0.0041051
y38,4293.13689,0.0844686
,4294.139718,0.2004
,4295.14249,0.2461004
,4296.145217,0.2078773
,4297.147906,0.1354975
,4298.150563,0.0725281
,4299.153192,0.0331439
,4300.155798,0.0132775
,4301.158383,0.0047528
y39,4364.174004,0.0812236
,4365.176832,0.1957316
,4366.179604,0.2440439
,4367.182331,0.2092214
,4368.185021,0.1383726
,4369.187679,0.0751349
,4370.190309,0.0348231
,4371.192917,0.014146
,4372.195503,0.005134
,4373.198071,0.0016889
y40,4479.200947,0.0768865
,4480.203777,0.1890452
,4481.20655,0.2406335
,4482.209278,0.2107059
,4483.211969,0.1423867
,4484.214627,0.0790229
,4485.217259,0.0374452
,4486.219866,0.0155558
,4487.222452,0.005775
,4488.22502,0.0019437
y41,4593.243874,0.0726841
,4594.246698,0.1825181
,4595.249466,0.2372185
,4596.252189,0.2120513
,4597.254875,0.1462648
,4598.25753,0.0828467
,4599.260158,0.0400614
,4600.262762,0.0169822
,4601.265345,0.0064327
,4602.267911,0.002209
y42,4749.344985,0.0668651
,4750.347792,0.1733739
,4751.350546,0.2322933
,4752.353259,0.2137783
,4753.355935,0.1516414
,4754.358582,0.0882475
,4755.361203,0.0438081
,4756.363801,0.0190511
,4757.366379,0.0073986
,4758.368939,0.0026035
y43,4905.446096,0.0615119
,4906.448887,0.164524
,4907.451628,0.2270476
,4908.45433,0.2149531
,4909.456998,0.1566928
,4910.459637,0.0936273
,4911.462251,0.0476862
,4912.464843,0.0212623
,4913.467416,0.0084613
,4914.469971,0.0030494
y44,5018.53016,0.0572168
,5019.532958,0.1570808
,5020.535709,0.2222524
,5021.53842,0.2155259
,5022.541098,0.1607998
,5023.543747,0.0982706
,5024.546371,0.0511614
,5025.548973,0.0233057
,5026.551556,0.009471
,5027.554122,0.0034842
y45,5204.609473,0.0502363
,5205.612281,0.1443834
,5206.615045,0.2133764
,5207.61777,0.2157114
,5208.620464,0.1675036
,5209.623129,0.1063936
,5210.62577,0.0574981
,5211.62839,0.0271596
,5212.630989,0.0114338
,5213.633572,0.0043537
,5214.636139,0.0015168
y46,5333.652066,0.0470303
,5334.654879,0.1379956
,5335.657646,0.2082434
,5336.660376,0.2150056
,5337.663073,0.1705364
,5338.665742,0.1106579
,5339.668386,0.0611007
,5340.671008,0.029491
,5341.673611,0.0126875
,5342.676197,0.0049374
,5343.678766,0.0017582
y47,5446.73613,0.0437464
,5447.738949,0.1314525
,5448.741724,0.2029603
,5449.744462,0.2142323
,5450.747167,0.1736023
,5451.749845,0.1150192
,5452.752498,0.064813
,5453.755129,0.0319107
,5454.757741,0.0139984
,5455.760336,0.0055527
,5456.762914,0.0020148
y48,5547.783809,0.0415017
,5548.78663,0.1267335
,5549.789407,0.1988441
,5550.792146,0.2132792
,5551.794854,0.175617
,5552.797534,0.1182271
,5553.800189,0.0676916
,5554.802822,0.0338632
,5555.805436,0.0150933
,5556.808033,0.0060831
,5557.810614,0.0022426
y49,5678.824294,0.0370789
,5679.82711,0.1157299
,5680.829797,0.1871027
,5681.832379,0.2081786
,5682.834879,0.1787917
,5683.837315,0.1260957
,5684.839702,0.0758982
,5685.842053,0.0400233
,5686.844376,0.0188428
,5687.846681,0.0080336
,5688.848974,0.0031364
y50,5749.861408,0.0356544
,5750.864223,0.1126141
,5751.866912,0.1841581
,5752.869499,0.2071819
,5753.872003,0.1798623
,5754.874445,0.1281939
,5755.876837,0.0779635
,5756.879193,0.0415337
,5757.881522,0.0197519
,5758.883832,0.0085057
,5759.886128,0.0033537
y51,5820.898521,0.0342847
,5821.901337,0.109567
,5822.904028,0.1812114
,5823.906618,0.2061101
,5824.909127,0.1808484
,5825.911574,0.1302473
,5826.913972,0.0800274
,5827.916333,0.0430654
,5828.918667,0.0206855
,5829.920981,0.0089961
,5830.923282,0.003582
y52,5957.957433,0.0316735
,5958.960241,0.1036782
,5959.96293,0.1754075
,5960.965522,0.2038748
,5961.968036,0.1826457
,5962.970488,0.1342109
,5963.972892,0.0840868
,5964.975259,0.0461185
,5965.977599,0.0225679
,5966.979918,0.0099955
,5967.982224,0.004052
y53,6087.000026,0.0296522
,6088.002838,0.0988437
,6089.005533,0.1702741
,6090.008134,0.201489
,6091.010657,0.1837584
,6092.01312,0.1374522
,6093.015534,0.0876612
,6094.017912,0.0489409
,6095.020262,0.024379
,6096.022592,0.010992
,6097.024906,0.0045365
,6098.027211,0.0017292
y54,6215.094989,0.0274781
,6216.097801,0.0936426
,6217.1005,0.1647327
,6218.103107,0.1988794
,6219.10564,0.1849107
,6220.108112,0.1409185
,6221.110537,0.0915157
,6222.112925,0.0520041
,6223.115285,0.0263569
,6224.117623,0.0120873
,6225.119947,0.0050725
,6226.122259,0.0019655
y55,6344.137582,0.0257245
,6345.140398,0.0892125
,6346.143103,0.1596858
,6347.145718,0.1961382
,6348.148259,0.1855173
,6349.150741,0.1438192
,6350.153176,0.0950076
,6351.155574,0.0549177
,6352.157943,0.0283132
,6353.160291,0.0132086
,6354.162623,0.0056391
,6355.164943,0.002223
y56,6473.180175,0.0240828
,6474.182994,0.0849665
,6475.185705,0.1546991
,6476.188327,0.1932555
,6477.190877,0.1858931
,6478.193368,0.1465473
,6479.195813,0.0984432
,6480.19822,0.0578629
,6481.200599,0.0303348
,6482.202956,0.0143907
,6483.205296,0.0062477
,6484.207625,0.0025048
y57,6588.207118,0.0227968
,6589.209939,0.0815459
,6590.212653,0.1505397
,6591.21528,0.1906873
,6592.217835,0.1859938
,6593.220332,0.1486891
,6594.222783,0.1012926
,6595.225196,0.0603826
,6596.227582,0.0321073
,6597.229945,0.0154502
,6598.232291,0.0068045
,6599.234624,0.0027677
y58,6744.30823,0.0209718
,6745.311038,0.0767324
,6746.313745,0.1447275
,6747.316368,0.1871273
,6748.318921,0.1861609
,6749.321418,0.1516899
,6750.32387,0.1052688
,6751.326285,0.0638955
,6752.328672,0.0345796
,6753.331036,0.0169297
,6754.333383,0.0075837
,6755.335717,0.0031365
y59,6858.351157,0.0198255
,6859.353961,0.0735764
,6860.356666,0.1407188
,6861.359289,0.184447
,6862.361844,0.1859804
,6863.364343,0.1535705
,6864.366797,0.1079853
,6865.369215,0.0664053
,6866.371604,0.0364069
,6867.373971,0.0180559
,6868.376321,0.0081928
,6869.378657,0.0034321
y60,6995.410069,0.0183155
,6996.412867,0.0693929
,6997.415569,0.135358
,6998.418193,0.1808022
,6999.420749,0.1856526
,7000.423252,0.1560236
,7001.42571,0.111604
,7002.428132,0.0697855
,7003.430526,0.0388895
,7004.432897,0.0195981
,7005.435251,0.0090334
,7006.43759,0.0038432
,7007.43992,0.0015205
y61,7066.447183,0.0176119
,7067.44998,0.0673842
,7068.452685,0.1326927
,7069.45531,0.178885
,7070.45787,0.1853462
,7071.460376,0.1571467
,7072.462838,0.1133861
,7073.465264,0.0715078
,7074.467662,0.0401866
,7075.470037,0.0204213
,7076.472394,0.0094908
,7077.474737,0.0040711
,7078.47707,0.0016238
y62,7179.531247,0.0163821
,7180.53405,0.0638371
,7181.536762,0.127927
,7182.539397,0.1753856
,7183.541968,0.1846962
,7184.544485,0.1590819
,7185.546959,0.1165558
,7186.549397,0.0746155
,7187.551806,0.0425521
,7188.554192,0.0219365
,7189.55656,0.0103402
,7190.558914,0.0044976
,7191.561257,0.0018188
y63,7292.615311,0.0152382
,7293.618119,0.0604569
,7294.620838,0.123256
,7295.623482,0.171803
,7296.626064,0.1838423
,7297.628592,0.1608248
,7298.631078,0.1196284
,7299.633527,0.077722
,7300.635948,0.0449695
,7301.638345,0.0235141
,7302.640723,0.0112397
,7303.643087,0.0049565
,7304.64544,0.0020317
y64,7363.652424,0.0146528
,7364.655232,0.058681
,7365.657953,0.1207275
,7366.660599,0.1697751
,7367.663183,0.183252
,7368.665715,0.1616754
,7369.668204,0.1212693
,7370.670657,0.079439
,7371.673081,0.0463379
,7372.675482,0.0244252
,7373.677864,0.0117685
,7374.680231,0.0052309
,7375.682586,0.0021611
y65,7464.700103,0.013901
,7465.702912,0.0563486
,7466.705636,0.1173208
,7467.708286,0.1669396
,7468.710875,0.1823032
,7469.713412,0.1627059
,7470.715906,0.1234487
,7471.718365,0.081793
,7472.720795,0.0482549
,7473.723201,0.0257246
,7474.725588,0.012535
,7475.727961,0.0056346
,7476.730321,0.0023541
y66,7577.784167,0.0129303
,7578.786981,0.0533281
,7579.789712,0.1128883
,7580.792371,0.1632197
,7581.794969,0.1810183
,7582.797516,0.1640037
,7583.800021,0.1262675
,7584.802491,0.0848653
,7585.804931,0.0507735
,7586.807348,0.0274419
,7587.809746,0.0135538
,7588.812128,0.0061742
,7589.814497,0.0026137
y67,7706.82676,0.0121051
,7707.829577,0.0506523
,7708.832312,0.1087773
,7709.834976,0.1595425
,7710.837581,0.1794798
,7711.840135,0.1649363
,7712.842647,0.1287985
,7713.845124,0.0878007
,7714.847571,0.0532784
,7715.849995,0.0292062
,7716.852399,0.014631
,7717.854788,0.0067601
,7718.857164,0.0029027
y68,7803.879524,0.0113878
,7804.882344,0.0483266
,7805.885083,0.1051991
,7806.887753,0.1563297
,7807.890364,0.1781165
,7808.892926,0.1657232
,7809.895445,0.1309876
,7810.89793,0.0903567
,7811.900385,0.0554703
,7812.902816,0.0307572
,7813.905228,0.0155823
,7814.907624,0.0072801
,7815.910007,0.0031604
y69,7918.906467,0.0107798
,7919.909288,0.046274
,7920.91203,0.1018987
,7921.914703,0.1531879
,7922.917317,0.176576
,7923.919883,0.1662165
,7924.922406,0.1329241
,7925.924895,0.0927763
,7926.927355,0.0576318
,7927.929791,0.0323368
,7928.932207,0.0165789
,7929.934607,0.007839
,7930.936994,0.0034442
y70,8019.954145,0.0102266
,8020.956968,0.0443988
,8021.959712,0.098865
,8022.962388,0.1502711
,8023.965007,0.1751086
,8024.967577,0.1666214
,8025.970105,0.1346803
,8026.972599,0.095006
,8027.975064,0.0596438
,8028.977505,0.0338197
,8029.979926,0.0175219
,8030.98233,0.0083719
,8031.984721,0.003717
,8032.987102,0.0015432
y71,8106.986174,0.0098099
,8107.988996,0.0429592
,8108.991741,0.0964868
,8109.994418,0.1479207
,8110.997039,0.1738521
,8111.999611,0.1668459
,8113.002142,0.1360182
,8114.004638,0.0967722
,8115.007105,0.0612734
,8116.009549,0.0350418
,8117.011972,0.0183111
,8118.014379,0.0088243
,8119.016773,0.0039516
,8120.019155,0.0016548
y72,8178.023287,0.009433
,8179.02611,0.0416608
,8180.028855,0.0943454
,8181.031534,0.1458064
,8182.034157,0.1727214
,8183.036731,0.1670457
,8184.039265,0.137219
,8185.041764,0.0983594
,8186.044234,0.0627398
,8187.046681,0.0361432
,8188.049107,0.0190235
,8189.051517,0.0092335
,8190.053913,0.0041643
,8191.056298,0.0017562
y73,8293.05023,0.0089293
,8294.053054,0.0398735
,8295.055801,0.0913025
,8296.058483,0.1426778
,8297.061109,0.170906
,8298.063687,0.167144
,8299.066224,0.1388443
,8300.068728,0.1006477
,8301.071202,0.0649264
,8302.073653,0.037828
,8303.076083,0.0201375
,8304.078497,0.0098861
,8305.080897,0.00451
,8306.083285,0.001924
y74,8392.118644,0.0083983
,8393.121471,0.0380024
,8394.124222,0.088136
,8395.126909,0.139441
,8396.129541,0.1690434
,8397.132126,0.1672638
,8398.13467,0.140537
,8399.137181,0.103018
,8400.139662,0.067187
,8401.14212,0.0395685
,8402.144557,0.0212883
,8403.146978,0.0105608
,8404.149384,0.0048676
,8405.151779,0.0020978
y75,8548.219755,0.0077259
,8549.222572,0.0355918
,8550.225316,0.0839776
,8551.227999,0.1350851
,8552.230627,0.1664149
,8553.23321,0.1672524
,8554.235753,0.1426792
,8555.238263,0.1061516
,8556.240744,0.0702431
,8557.243202,0.0419614
,8558.245639,0.0228935
,8559.248059,0.0115143
,8560.250466,0.0053795
,8561.25286,0.0023495
y76,8676.278333,0.0072232
,8677.281148,0.0337346
,8678.283892,0.0806682
,8679.286575,0.1314761
,8680.289205,0.1640717
,8681.29179,0.1670054
,8682.294336,0.1442654
,8683.296849,0.1086693
,8684.299334,0.072796
,8685.301794,0.0440178
,8686.304235,0.0243065
,8687.306659,0.0123721
,8688.309068,0.0058494
,8689.311466,0.0025852
y77,8791.305276,0.0068375
,8792.308092,0.0322681
,8793.310838,0.0779733
,8794.313523,0.1284246
,8795.316157,0.1619593
,8796.318745,0.1666042
,8797.321295,0.1454499
,8798.323811,0.1107306
,8799.3263,0.0749709
,8800.328764,0.0458198
,8801.331209,0.0255743
,8802.333636,0.0131583
,8803.336049,0.0062887
,8804.33845,0.0028096
y78,8954.368604,0.0061431
,8955.371428,0.0296269
,8956.374184,0.0731105
,8957.37688,0.1228969
,8958.379526,0.1580984
,8959.382127,0.1658194
,8960.38469,0.1475411
,8961.38722,0.1144356
,8962.389722,0.0789115
,8963.392201,0.0491056
,8964.394658,0.0278998
,8965.397099,0.0146088
,8966.399525,0.007104
,8967.401938,0.0032288
y79,9140.447917,0.0053936
,9141.450746,0.0267067
,9142.45351,0.0675915
,9143.456217,0.1164208
,9144.458874,0.153335
,9145.461488,0.1645363
,9146.464065,0.1496839
,9147.466609,0.1186348
,9148.469126,0.0835522
,9149.471618,0.0530782
,9150.47409,0.0307732
,9151.476545,0.0164365
,9152.478984,0.0081502
,9153.48141,0.003776
,9154.483826,0.0016435
y80,9255.47486,0.0051056
,9256.47769,0.0255306
,9257.480456,0.0652567
,9258.483165,0.1135191
,9259.485824,0.1510077
,9260.488441,0.1636637
,9261.491021,0.1503876
,9262.493569,0.1203951
,9263.496088,0.0856504
,9264.498584,0.0549638
,9265.501059,0.0321913
,9266.503517,0.0173698
,9267.505959,0.0087015
,9268.508389,0.004073
,9269.510808,0.0017911
y81,9354.543274,0.004802
,9355.546106,0.0242983
,9356.548875,0.062823
,9357.551588,0.1105092
,9358.554253,0.1486066
,9359.556876,0.1627755
,9360.559461,0.1511289
,9361.562015,0.1222234
,9362.56454,0.0878225
,9363.567042,0.0569132
,9364.569523,0.0336566
,9365.571987,0.0183343
,9366.574435,0.0092714
,9367.57687,0.0043803
,9368.579295,0.0019441
y82,9425.580388,0.0046175
,9426.58322,0.0235371
,9427.585989,0.0612931
,9428.588703,0.1085779
,9429.591369,0.1470191
,9430.593994,0.1621311
,9431.596581,0.1515379
,9432.599137,0.123363
,9433.601664,0.089219
,9434.604169,0.0581908
,9435.606652,0.0346316
,9436.609118,0.0189847
,9437.611568,0.0096605
,9438.614006,0.0045926
,9439.616432,0.0020508
y83,9554.622981,0.0043228
,9555.625815,0.0222948
,9556.628587,0.0587389
,9557.631305,0.1052679
,9558.633975,0.1441944
,9559.636604,0.1608585
,9560.639196,0.1520857
,9561.641756,0.1252363
,9562.644289,0.0916164
,9563.646798,0.0604414
,9564.649287,0.0363843
,9565.651757,0.0201746
,9566.654212,0.0103839
,9567.656654,0.0049932
,9568.659085,0.0022554
y84,9667.707045,0.004021
,9668.709883,0.0210223
,9669.712659,0.0561204
,9670.715383,0.1018677
,9671.718059,0.1412809
,9672.720695,0.1595288
,9673.723294,0.1526241
,9674.725862,0.1271444
,9675.728402,0.0940752
,9676.730919,0.0627602
,9677.733415,0.0381972
,9678.735893,0.0214101
,9679.738355,0.011138
,9680.740804,0.0054124
,9681.743242,0.0024703
y85,9796.749638,0.0037644
,9797.752478,0.0199069
,9798.755257,0.0537505
,9799.757984,0.0986767
,9800.760664,0.1384068
,9801.763304,0.1580493
,9802.765908,0.1529124
,9803.76848,0.1288166
,9804.771025,0.0963822
,9805.773546,0.06502
,9806.776047,0.0400158
,9807.77853,0.0226805
,9808.780997,0.0119309
,9809.78345,0.0058627
,9810.785892,0.0027058
y86,9925.792231,0.0035241
,9926.795073,0.0188483
,9927.797855,0.0514673
,9928.800585,0.0955479
,9929.803269,0.1355192
,9930.805913,0.1564788
,9931.808521,0.1530772
,9932.811098,0.1303866
,9933.813647,0.0986375
,9934.816173,0.0672774
,9935.818678,0.0418626
,9936.821166,0.0239893
,9937.823637,0.0127587
,9938.826095,0.0063387
,9939.828541,0.0029578
y87,10056.832716,0.0031486
,10057.835555,0.0170522
,10058.838306,0.0472725
,10059.840982,0.0892975
,10060.843593,0.1291223
,10061.846148,0.152253
,10062.848655,0.1523213
,10063.851121,0.1328518
,10064.853551,0.1030223
,10065.855951,0.0720973
,10066.858325,0.0460667
,10067.860677,0.0271262
,10068.863011,0.0148335
,10069.865329,0.0075809
,10070.867634,0.0036404
,10071.869929,0.0016502
y88,10155.90113,0.0029613
,10156.903971,0.0162144
,10157.906726,0.0454269
,10158.909407,0.0866921
,10159.912023,0.126605
,10160.914584,0.1507346
,10161.917098,0.1522325
,10162.91957,0.1340068
,10163.922007,0.104864
,10164.924414,0.0740425
,10165.926795,0.0477259
,10166.929154,0.028347
,10167.931495,0.0156337
,10168.933819,0.0080574
,10169.936131,0.0039016
,10170.938432,0.0017832
y89,10242.933159,0.0028406
,10243.935999,0.0156607
,10244.938755,0.044175
,10245.941437,0.0848742
,10246.944055,0.1247845
,10247.946618,0.1495619
,10248.949134,0.152055
,10249.951609,0.1347398
,10250.954049,0.1061362
,10251.956459,0.0754365
,10252.958843,0.0489456
,10253.961205,0.0292633
,10254.963548,0.0162456
,10255.965875,0.008428
,10256.96819,0.004108
,10257.970493,0.00189
y90,10342.001573,0.0026717
,10343.004415,0.0148885
,10344.007174,0.0424346
,10345.00986,0.0823537
,10346.012484,0.1222668
,10347.015053,0.1479454
,10348.017576,0.1518162
,10349.020057,0.1357581
,10350.022504,0.1078972
,10351.02492,0.0773638
,10352.027311,0.0506313
,10353.02968,0.0305297
,10354.03203,0.0170916
,10355.034364,0.0089407
,10356.036684,0.0043938
,10357.038994,0.0020379
y91,10455.085637,0.0024851
,10456.088482,0.0140246
,10457.091246,0.040461
,10458.093938,0.0794522
,10459.096569,0.1193128
,10460.099146,0.1459833
,10461.101676,0.1514349
,10462.104166,0.1368596
,10463.106621,0.1099078
,10464.109046,0.0796124
,10465.111446,0.0526274
,10466.113823,0.0320478
,10467.116181,0.0181166
,10468.118523,0.0095682
,10469.120851,0.0047469
,10470.123169,0.0022224
y92,10526.12275,0.0023897
,10527.125595,0.0135749
,10528.12836,0.0394159
,10529.131053,0.0778863
,10530.133686,0.1176805
,10531.136265,0.1448547
,10532.138798,0.1511551
,10533.14129,0.1374042
,10534.143748,0.1109804
,10535.146176,0.0808464
,10536.148578,0.0537436
,10537.150958,0.0329097
,10538.153319,0.0187064
,10539.155664,0.0099338
,10540.157995,0.004955
,10541.160315,0.0023324
y93,10682.223861,0.0021984
,10683.226698,0.0126679
,10684.229457,0.0372926
,10685.232147,0.0746792
,10686.234777,0.1143033
,10687.237355,0.1424788
,10688.239887,0.150511
,10689.24238,0.138469
,10690.244839,0.1131613
,10691.247268,0.08339
,10692.249671,0.0560653
,10693.252052,0.0347156
,10694.254414,0.0199505
,10695.25676,0.0107095
,10696.259093,0.0053993
,10697.261413,0.0025684
y94,10819.282773,0.0020309
,10820.285606,0.0118606
,10821.288362,0.0353693
,10822.291051,0.0717183
,10823.293681,0.1111115
,10824.29626,0.1401463
,10825.298795,0.1497641
,10826.30129,0.1393445
,10827.303751,0.1151421
,10828.306183,0.0857749
,10829.30859,0.0582867
,10830.310974,0.0364716
,10831.31334,0.0211774
,10832.315689,0.0114847
,10833.318024,0.0058487
,10834.320348,0.00281
y95,10975.383884,0.0018683
,10976.386709,0.0110638
,10977.38946,0.0334394
,10978.392145,0.0686926
,10979.394773,0.1077771
,10980.397351,0.1376238
,10981.399885,0.1488455
,10982.40238,0.1401262
,10983.404842,0.1171284
,10984.407275,0.0882457
,10985.409682,0.060635
,10986.412068,0.0383578
,10987.414435,0.0225136
,10988.416785,0.0123396
,10989.419121,0.0063503
,10990.421446,0.0030828
,10991.423761,0.0014175
y96,11089.426812,0.0017662
,11090.429634,0.0105516
,11091.432383,0.0321685
,11092.435068,0.0666483
,11093.437696,0.1054541
,11094.440274,0.1357832
,11095.442809,0.14807
,11096.445306,0.140539
,11097.447769,0.1184288
,11098.450204,0.089946
,11099.452613,0.0622993
,11100.455001,0.0397252
,11101.457369,0.0235015
,11102.459722,0.012983
,11103.46206,0.006734
,11104.464387,0.0032948
,11105.466703,0.0015268
y97,11188.495226,0.0016612
,11189.49805,0.010023
,11190.500802,0.0308524
,11191.503491,0.064522
,11192.506124,0.1030245
,11193.508707,0.1338412
,11194.511248,0.1472297
,11195.513751,0.1409408
,11196.51622,0.1197686
,11197.518661,0.0917177
,11198.521076,0.0640452
,11199.52347,0.0411674
,11200.525845,0.0245483
,11201.528203,0.0136678
,11202.530547,0.0071443
,11203.532879,0.0035224
,11204.535201,0.0016447
y98,11289.542904,0.0015759
,11290.545729,0.0095856
,11291.548483,0.0297414
,11292.551174,0.0626886
,11293.55381,0.1008765
,11294.556397,0.1320609
,11295.558941,0.1463813
,11296.561448,0.141191
,11297.563922,0.1208846
,11298.566366,0.0932652
,11299.568786,0.0656107
,11300.571184,0.0424863
,11301.573563,0.0255218
,11302.575925,0.0143144
,11303.578273,0.0075372
,11304.580609,0.0037433
,11305.582935,0.0017607
y99,11418.585497,0.0014754
,11419.588324,0.0090626
,11420.591081,0.028394
,11421.593776,0.0604307
,11422.596416,0.0981829
,11423.599007,0.1297699
,11424.601556,0.1452176
,11425.604068,0.1414028
,11426.606547,0.1222152
,11427.608997,0.0951846
,11428.611423,0.0675936
,11429.613826,0.0441831
,11430.61621,0.0267912
,11431.618578,0.0151679
,11432.620932,0.0080618
,11433.623273,0.0040415
,11434.625604,0.0019188
y100,11547.62809,0.0013812
,11548.630919,0.0085672
,11549.633679,0.0271025
,11550.636377,0.0582373
,11551.639021,0.0955244
,11552.641617,0.1274568
,11553.644171,0.1439791
,11554.646688,0.1415181
,11555.649172,0.1234637
,11556.651628,0.0970574
,11557.654058,0.0695675
,11558.656467,0.0458976
,11559.658857,0.02809
,11560.66123,0.0160512
,11561.663589,0.0086106
,11562.665935,0.0043568
,11563.668271,0.0020877
y101,11675.723053,0.0012799
,11676.725882,0.0080344
,11677.728643,0.0257122
,11678.731343,0.0558731
,11679.73399,0.0926527
,11680.73659,0.1249489
,11681.739148,0.1426231
,11682.741669,0.1416216
,11683.744159,0.1247954
,11684.746619,0.0990724
,11685.749055,0.0717009
,11686.751469,0.0477571
,11687.753864,0.0295034
,11688.756243,0.0170155
,11689.758607,0.0092117
,11690.760958,0.0047032
,11691.763298,0.002274
y102,11788.807117,0.0011906
,11789.809949,0.0075575
,11790.812713,0.0244501
,11791.815419,0.0536941
,11792.818071,0.0899588
,11793.820678,0.1225391
,11794.823243,0.1412515
,11795.825771,0.1416144
,11796.828267,0.1259717
,11797.830736,0.1009376
,11798.833179,0.0737202
,11799.8356,0.0495453
,11800.838002,0.0308805
,11801.840388,0.0179662
,11802.842759,0.0098108
,11803.845117,0.0050521
,11804.847464,0.0024634
y103,11887.875531,0.0011198
,11888.878365,0.0071748
,11889.881132,0.0234234
,11890.883841,0.0518958
,11891.886498,0.087699
,11892.889109,0.1204727
,11893.891679,0.1400216
,11894.894212,0.1415243
,11895.896714,0.1268987
,11896.899188,0.1024808
,11897.901636,0.0754278
,11898.904063,0.0510807
,11899.906471,0.032078
,11900.908862,0.0188021
,11901.911238,0.010343
,11902.913602,0.0053651
,11903.915954,0.0026349
y104,12016.918124,0.0010483
,12017.920959,0.0067799
,12018.923729,0.0223403
,12019.926441,0.0499537
,12020.929102,0.0851929
,12021.931717,0.1180999
,12022.934291,0.1385131
,12023.93683,0.1412687
,12024.939336,0.1278142
,12025.941815,0.1041503
,12026.944269,0.0773459
,12027.9467,0.0528498
,12028.949113,0.0334865
,12029.951509,0.0198035
,12030.95389,0.0109914
,12031.956259,0.0057525
,12032.958616,0.0028504
,12033.960963,0.0013421
y105,12130.002188,0.0009751
,12131.005026,0.0063754
,12132.0078,0.0212302
,12133.010517,0.0479613
,12134.013183,0.0826174
,12135.015803,0.1156542
,12136.018384,0.136948
,12137.020929,0.1409879
,12138.023443,0.1287393
,12139.025928,0.1058574
,12140.028389,0.0793166
,12141.030828,0.0546739
,12142.033247,0.0349432
,12143.03565,0.0208423
,12144.038038,0.011666
,12145.040413,0.0061566
,12146.042777,0.003076
,12147.04513,0.0014602
y106,12227.054952,0.0009173
,12228.057791,0.0060521
,12229.060568,0.0203314
,12230.063288,0.0463256
,12231.065958,0.0804701
,12232.068583,0.1135741
,12233.071168,0.1355683
,12234.073718,0.1406713
,12235.076236,0.1294488
,12236.078727,0.1072553
,12237.081193,0.08097
,12238.083637,0.0562288
,12239.086062,0.036201
,12240.08847,0.0217492
,12241.090863,0.012261
,12242.093243,0.0065167
,12243.095611,0.0032788
,12244.09797,0.0015673
y107,12356.097545,0.0008588
,12357.100386,0.0057175
,12358.103165,0.0193809
,12359.105888,0.0445569
,12360.108561,0.0780893
,12361.11119,0.1111937
,12362.113779,0.1339019
,12363.116334,0.1401673
,12364.118857,0.1301189
,12365.121352,0.1087556
,12366.123822,0.0828209
,12367.126271,0.0580164
,12368.128701,0.0376776
,12369.131114,0.0228336
,12370.133511,0.0129844
,12371.135896,0.0069612
,12372.138269,0.003533
,12373.140632,0.0017035
y108,12493.156457,0.0007934
,12494.159294,0.0053435
,12495.16207,0.0183182
,12496.164792,0.0425767
,12497.167464,0.0754188
,12498.170094,0.1085158
,12499.172684,0.1320161
,12500.175239,0.139581
,12501.177764,0.1308516
,12502.180261,0.1104273
,12503.182734,0.0848953
,12504.185185,0.0600276
,12505.187617,0.0393445
,12506.190032,0.0240615
,12507.192432,0.0138061
,12508.194818,0.0074677
,12509.197193,0.0038234
,12510.199558,0.0018596
y109,12594.204136,0.0007527
,12595.206973,0.0051061
,12596.209751,0.0176295
,12597.212474,0.0412662
,12598.215149,0.0736098
,12599.217781,0.1066486
,12600.220374,0.1306385
,12601.222932,0.1390692
,12602.22546,0.1312577
,12603.227961,0.1115184
,12604.230437,0.0863103
,12605.232891,0.0614364
,12606.235327,0.0405362
,12607.237745,0.0249549
,12608.240148,0.0144135
,12609.242538,0.0078477
,12610.244917,0.0040444
,12611.247285,0.0019801
y110,12681.236164,0.000722
,12682.239002,0.0049252
,12683.241779,0.017099
,12684.244503,0.0402447
,12685.247179,0.0721812
,12686.249812,0.1051501
,12687.252406,0.1295043
,12688.254967,0.1386108
,12689.257496,0.1315344
,12690.259998,0.1123583
,12691.262476,0.0874305
,12692.264933,0.06257
,12693.26737,0.041507
,12694.26979,0.0256905
,12695.272195,0.0149184
,12696.274587,0.0081665
,12697.276968,0.0042315
,12698.279338,0.0020828
y111,12795.279091,0.0006825
,12796.281927,0.0046917
,12797.284703,0.0164118
,12798.287426,0.0389159
,12799.290101,0.0703136
,12800.292734,0.1031783
,12801.295328,0.1279963
,12802.297889,0.1379806
,12803.30042,0.1318695
,12804.302923,0.1134418
,12805.305402,0.0888945
,12806.307859,0.0640627
,12807.310298,0.042793
,12808.312719,0.0266699
,12809.315126,0.0155941
,12810.317519,0.0085951
,12811.319901,0.0044841
,12812.322272,0.0022222
y112,12882.31112,0.0006547
,12883.313955,0.0045252
,12884.316731,0.0159156
,12885.319455,0.0379443
,12886.322131,0.0689289
,12887.324765,0.1016914
,12888.327361,0.1268293
,12889.329923,0.1374551
,12890.332455,0.1320695
,12891.33496,0.1142203
,12892.337441,0.0899815
,12893.3399,0.0651913
,12894.342341,0.0437786
,12895.344764,0.0274293
,12896.347173,0.0161234
,12897.349568,0.0089341
,12898.351951,0.0046857
,12899.354324,0.0023346
y113,12969.343148,0.000628
,12970.345983,0.0043645
,12971.34876,0.0154336
,12972.351484,0.0369937
,12973.354161,0.0675632
,12974.356796,0.1002106
,12975.359393,0.1256498
,12976.361957,0.136902
,12977.364491,0.132237
,12978.366997,0.1149717
,12979.36948,0.0910532
,12980.371941,0.0663168
,12981.374384,0.0447698
,12982.376809,0.0281986
,12983.379219,0.0166632
,12984.381616,0.0092819
,12985.384001,0.0048939
,12986.386376,0.0024512
y114,13097.401726,0.0005872
,13098.404559,0.0041178
,13099.407335,0.0146919
,13100.410059,0.0355267
,13101.412737,0.0654482
,13102.415374,0.0979061
,13103.417973,0.1238001
,13104.420538,0.1360161
,13105.423074,0.1324699
,13106.425583,0.1161194
,13107.428068,0.0927102
,13108.430532,0.0680685
,13109.432977,0.0463205
,13110.435405,0.0294075
,13111.437818,0.0175149
,13112.440217,0.0098331
,13113.442605,0.0052251
,13114.444982,0.0026374
