fragment,mass,Intensities
RNA,8635.179319,0.0262275
,8636.182006,0.085801
,8637.184614,0.150049
,8638.187171,0.184786
,8639.18969,0.178871
,8640.192179,0.144347
,8641.194645,0.100718
,8642.19709,0.062283
,8643.199518,0.034747
,8644.201932,0.017724
,8645.204333,0.008353
,8646.206723,0.003667
RNA+CMCT,8886.379082,0.0221713
,8887.381783,0.07623
,8888.384411,0.139277
,8889.386988,0.178484
,8890.389528,0.179253
,8891.392038,0.149734
,8892.394524,0.10794
,8893.396989,0.068853
,8894.399437,0.03957
,8895.401869,0.020768
,8896.404288,0.01006
,8897.406696,0.004536
,8898.409093,0.001916
RNA+CMCT-A,8751.324586,0.0238507
,8752.327307,0.080255
,8753.329949,0.143885
,8754.332538,0.18126
,8755.335088,0.179194
,8756.337606,0.147499
,8757.340099,0.104868
,8758.342571,0.066021
,8759.345025,0.037471
,8760.347463,0.019432
,8761.349888,0.009305
,8762.352301,0.004149
,8763.354703,0.001734
RNA+CMCT-A-H2O,8733.314022,0.0239143
,8734.316742,0.080454
,8735.319384,0.14417
,8736.321973,0.18149
,8737.324523,0.179264
,8738.327042,0.14741
,8739.329535,0.104689
,8740.332007,0.06583
,8741.334462,0.037315
,8742.3369,0.019326
,8743.339325,0.009242
,8744.341738,0.004115
,8745.34414,0.001718
RNA+CMCT-C,8775.33582,0.0234791
,8776.33853,0.079423
,8777.341164,0.143005
,8778.343747,0.180805
,8779.34629,0.179301
,8780.348803,0.14799
,8781.351292,0.105469
,8782.353759,0.066542
,8783.356209,0.037838
,8784.358643,0.019656
,8785.361064,0.009427
,8786.363473,0.004209
,8787.365872,0.001762
RNA+CMCT-C-H2O,8757.325255,0.0235417
,8758.327965,0.07962
,8759.330599,0.143289
,8760.333182,0.181035
,8761.335725,0.179374
,8762.338239,0.147903
,8763.340727,0.105292
,8764.343195,0.066351
,8765.345645,0.037682
,8766.34808,0.019549
,8767.350501,0.009363
,8768.352911,0.004175
,8769.355309,0.001745
RNA+CMCT-G,8735.329672,0.0239088
,8736.332393,0.080441
,8737.335035,0.144155
,8738.337624,0.181481
,8739.340174,0.179265
,8740.342693,0.147417
,8741.345186,0.104699
,8742.347659,0.065839
,8743.350113,0.037322
,8744.352552,0.01933
,8745.354977,0.009244
,8746.35739,0.004116
,8747.359792,0.001718
RNA+CMCT-G-H2O,8717.319107,0.0239725
,8718.321828,0.080641
,8719.32447,0.144441
,8720.327059,0.181711
,8721.329609,0.179335
,8722.332128,0.147327
,8723.334622,0.104519
,8724.337095,0.065648
,8725.33955,0.037167
,8726.341989,0.019224
,8727.344414,0.009181
,8728.346828,0.004082
,8729.34923,0.001701
RNA+CMCT-H2O,8868.368517,0.0222305
,8869.371218,0.07642
,8870.373846,0.139556
,8871.376423,0.178717
,8872.378963,0.179335
,8873.381474,0.149656
,8874.38396,0.107768
,8875.386425,0.068663
,8876.388873,0.039412
,8877.391306,0.020658
,8878.393725,0.009993
,8879.396133,0.004499
,8880.39853,0.001898
RNA-A,8500.124824,0.0282142
,8501.127531,0.090231
,8502.130153,0.154731
,8503.132721,0.18722
,8504.13525,0.17832
,8505.137747,0.141754
,8506.14022,0.097522
,8507.142672,0.059506
,8508.145107,0.032779
,8509.147526,0.016518
,8510.149933,0.007694
,8511.152327,0.00334
RNA-C,8524.136057,0.0277745
,8525.138753,0.08932
,8526.141368,0.153849
,8527.143929,0.186843
,8528.146451,0.178524
,8529.148944,0.142307
,8530.151412,0.098139
,8531.153859,0.06001
,8532.15629,0.033119
,8533.158705,0.016718
,8534.161108,0.007799
,8535.163499,0.00339
RNA-G,8484.129909,0.0282829
,8485.132616,0.09044
,8486.135239,0.155015
,8487.137807,0.187431
,8488.140336,0.178364
,8489.142834,0.141646
,8490.145307,0.097339
,8491.14776,0.059323
,8492.150195,0.032636
,8493.152615,0.016424
,8494.155022,0.007639
,8495.157417,0.003312
RNA-H2O,8617.168755,0.0262975
,8618.171441,0.086014
,8619.174049,0.150343
,8620.176606,0.18501
,8621.179125,0.178926
,8622.181615,0.144242
,8623.18408,0.100531
,8624.186526,0.062092
,8625.188955,0.034595
,8626.191369,0.017623
,8627.19377,0.008293
,8628.19616,0.003636
a01,265.081104,0.8714244
,266.083609,0.11333
,267.085682,0.013977
a01-G,114.031694,0.939713
,115.035102,0.052932
,116.036389,0.006997
a02,610.128539,0.7537734
,611.131053,0.19701
,612.133226,0.041817
,613.135504,0.006444
a02+CMCT,861.328301,0.637196
,862.331002,0.272829
,863.333438,0.072759
,864.335836,0.014484
,865.33819,0.002355
a02+CMCT-G,710.278891,0.6871352
,711.281776,0.243552
,712.284237,0.057455
,713.286698,0.010168
a02-G,459.079129,0.812844
,460.081918,0.152523
,461.083955,0.030241
,462.086399,0.003883
a03,915.169825,0.6639429
,916.172426,0.248627
,917.174675,0.069878
,918.176995,0.014545
,919.17924,0.002564
a03+CMCT,1166.369588,0.5612586
,1167.372309,0.303796
,1168.374763,0.102611
,1169.377179,0.025874
,1170.379548,0.005344
a03+CMCT-G,1015.320178,0.6052387
,1016.323042,0.28298
,1017.325515,0.087102
,1018.32798,0.020106
,1019.330378,0.003835
a03-G,764.120416,0.715967
,765.123208,0.215324
,766.125394,0.0563
,767.127809,0.010438
a04,1260.21726,0.5743003
,1261.21984,0.290472
,1262.222142,0.101525
,1263.224463,0.026579
,1264.226732,0.005811
a04+CMCT,1511.417023,0.4854868
,1512.419705,0.326533
,1513.422162,0.134121
,1514.424573,0.040971
,1515.42694,0.010221
,1516.429283,0.002181
a04+CMCT-G,1360.367613,0.5235285
,1361.370402,0.313523
,1362.372882,0.119192
,1363.37533,0.0339
,1364.377721,0.00793
a04-G,1109.16785,0.6193057
,1110.170561,0.267577
,1111.172848,0.087005
,1112.175222,0.020939
,1113.177501,0.004281
a05,1566.242562,0.506534
,1567.245216,0.311772
,1568.247577,0.128742
,1569.249942,0.039868
,1570.252251,0.010266
,1571.25455,0.002278
a05+CMCT,1817.442325,0.4281911
,1818.445051,0.334976
,1819.447542,0.159263
,1820.449984,0.056257
,1821.452378,0.016223
,1822.454746,0.004003
a05+CMCT-G,1666.392915,0.4617539
,1667.395736,0.32719
,1668.398249,0.145575
,1669.400723,0.048392
,1670.403139,0.013214
,1671.405528,0.003097
a05-G,1415.193153,0.5462273
,1416.19592,0.295933
,1417.198275,0.114588
,1418.200682,0.033123
,1419.203005,0.008059
a06,1871.283849,0.4461602
,1872.286525,0.325075
,1873.288929,0.153473
,1874.291316,0.054295
,1875.293653,0.015879
,1876.295972,0.003997
a06+CMCT,2122.483612,0.3771646
,2123.486347,0.337717
,2124.48886,0.181278
,2125.491318,0.072062
,2126.493729,0.023327
,2127.496111,0.006453
a06+CMCT-G,1971.434202,0.406723
,1972.437019,0.334199
,1973.439556,0.169041
,1974.442042,0.063684
,1975.444473,0.019642
,1976.446874,0.005193
a06-G,1720.234439,0.4811318
,1721.237212,0.315084
,1722.23962,0.140137
,1723.242042,0.046726
,1724.244393,0.012992
,1725.246733,0.003116
a07,2200.336369,0.3868722
,2201.339021,0.332531
,2202.341448,0.177823
,2203.343841,0.070951
,2204.346189,0.02323
,2205.348516,0.006528
a07+CMCT,2451.536132,0.3270321
,2452.538839,0.335647
,2453.541358,0.202148
,2454.543817,0.089619
,2455.546231,0.032204
,2456.548617,0.009862
,2457.550979,0.002655
a07+CMCT-A,2316.481637,0.3518047
,2317.484414,0.33527
,2318.486953,0.192042
,2319.489435,0.081516
,2320.491866,0.028197
,2321.494267,0.00834
,2322.496644,0.002174
a07+CMCT-G,2300.486722,0.3526611
,2301.489498,0.335951
,2302.492042,0.191657
,2303.494526,0.080952
,2304.496959,0.027842
,2305.499362,0.008183
,2306.50174,0.002119
a07-A,2065.281874,0.41617
,2066.284605,0.32719
,2067.287042,0.16631
,2068.28946,0.063336
,2069.291822,0.019937
,2070.294165,0.005403
a07-G,2049.286959,0.4171831
,2050.28969,0.327828
,2051.292131,0.165734
,2052.29455,0.062754
,2053.296915,0.019622
,2054.299259,0.00528
a08,2505.377656,0.3407551
,2506.380325,0.331433
,2507.382782,0.196639
,2508.385194,0.086741
,2509.387564,0.031282
,2510.389909,0.009665
,2511.392234,0.002637
a08+CMCT,2756.577418,0.2880648
,2757.580135,0.328235
,2758.582671,0.217323
,2759.585145,0.105574
,2760.587574,0.041477
,2761.589973,0.013867
,2762.592348,0.004072
a08+CMCT-A,2621.522923,0.3098795
,2622.525703,0.330364
,2623.52826,0.208819
,2624.530756,0.09746
,2625.533201,0.036963
,2626.535614,0.011967
,2627.538002,0.003411
a08+CMCT-G,2605.528009,0.3106338
,2606.530787,0.33105
,2607.533348,0.208564
,2608.535845,0.096938
,2609.538292,0.036588
,2610.540707,0.011783
,2611.543097,0.00334
a08-A,2370.323161,0.3665728
,2371.325901,0.329659
,2372.32837,0.186495
,2373.330805,0.078841
,2374.333189,0.027415
,2375.335548,0.008192
,2376.337885,0.002168
a08-G,2354.328246,0.3674651
,2355.330985,0.330321
,2356.333458,0.186068
,2357.335895,0.078284
,2358.33828,0.02707
,2359.340641,0.008041
,2360.34298,0.002114
a09,2834.430176,0.2954728
,2835.432827,0.326076
,2836.435296,0.214122
,2837.437714,0.103924
,2838.440092,0.041024
,2839.442444,0.013832
,2840.444775,0.004109
a09+CMCT,3085.629939,0.2497783
,3086.632635,0.317313
,3087.635172,0.230763
,3088.637648,0.122456
,3089.64008,0.052351
,3090.642482,0.018997
,3091.644861,0.006043
a09+CMCT-A,2950.575443,0.2686963
,2951.578194,0.321639
,2952.580754,0.224017
,2953.583249,0.11453
,2954.585697,0.047374
,2955.588113,0.016681
,2956.590504,0.005161
a09+CMCT-G,2934.580529,0.2693504
,2935.583279,0.322319
,2936.585841,0.223886
,2937.588338,0.114061
,2938.590787,0.046986
,2939.593205,0.016469
,2940.595597,0.00507
a09-A,2699.375681,0.31785
,2700.378393,0.327459
,2701.380878,0.205572
,2702.383316,0.095931
,2703.385707,0.036596
,2704.388073,0.01196
,2705.390416,0.003452
a09-G,2683.380766,0.3186237
,2684.383477,0.328134
,2685.385965,0.205293
,2686.388405,0.095412
,2687.390798,0.036227
,2688.393164,0.01178
,2689.395509,0.003382
a10,3139.471463,0.2602557
,3140.474128,0.316648
,3141.476618,0.226345
,3142.479054,0.119142
,3143.481449,0.050862
,3144.483816,0.018514
,3145.486163,0.005929
a10+CMCT,3390.671225,0.2200017
,3391.67393,0.304369
,3392.676482,0.23931
,3393.678971,0.136891
,3394.681416,0.062959
,3395.68383,0.024545
,3396.68622,0.008381
,3397.688592,0.002562
a10+CMCT-A,3255.61673,0.2366699
,3256.619485,0.310071
,3257.622059,0.234142
,3258.624567,0.129348
,3259.627027,0.057677
,3260.629454,0.021859
,3261.631856,0.007271
,3262.634238,0.002169
a10+CMCT-G,3239.621815,0.237246
,3240.62457,0.310735
,3241.627146,0.234106
,3242.629655,0.128935
,3243.632117,0.057287
,3244.634545,0.021626
,3245.636949,0.007163
,3246.639332,0.002127
a10-A,3004.416968,0.2799704
,3005.419688,0.3201
,3006.422196,0.219354
,3007.424651,0.111312
,3008.427059,0.04602
,3009.429439,0.016269
,3010.431797,0.005071
a10-G,2988.422053,0.2806519
,2989.424773,0.320772
,2990.427283,0.219189
,2991.429739,0.11084
,2992.432149,0.045639
,2993.43453,0.016063
,2994.436889,0.004984
a11,3444.51275,0.2292351
,3445.515426,0.304833
,3446.517936,0.235545
,3447.520388,0.13354
,3448.522798,0.061241
,3449.52518,0.023906
,3450.52754,0.0082
,3451.529882,0.002525
a11+CMCT,3695.712512,0.1937803
,3696.715224,0.29001
,3697.717789,0.245026
,3698.72029,0.150183
,3699.722747,0.07387
,3700.725173,0.030758
,3701.727573,0.011206
,3702.729955,0.003653
a11+CMCT-A,3560.658017,0.2084589
,3561.660775,0.296688
,3562.663362,0.241335
,3563.665881,0.14315
,3564.668353,0.068384
,3565.67079,0.027724
,3566.673203,0.009853
,3567.675594,0.003138
a11+CMCT-G,3544.663102,0.2089664
,3545.66586,0.297331
,3546.668449,0.24138
,3547.670969,0.142796
,3548.673442,0.068
,3549.675881,0.027472
,3550.678295,0.009727
,3551.680688,0.003086
a11-A,3309.458254,0.2466096
,3310.460982,0.309851
,3311.46351,0.23009
,3312.46598,0.126044
,3313.468403,0.056082
,3314.470797,0.021297
,3315.473168,0.007122
,3316.475521,0.002141
a11-G,3293.46334,0.2472099
,3294.466067,0.31051
,3295.468597,0.230025
,3296.471068,0.125625
,3297.473493,0.055698
,3298.475888,0.02107
,3299.47826,0.007016
,3300.480613,0.002101
a12,3750.538052,0.2021893
,3751.540752,0.291051
,3752.543287,0.241679
,3753.545761,0.14686
,3754.548192,0.072055
,3755.550592,0.030057
,3756.55297,0.011007
,3757.555329,0.003616
a12+CMCT,4001.737814,0.1709216
,4002.740545,0.274552
,4003.74313,0.247929
,4004.74565,0.162113
,4005.748124,0.084958
,4006.750565,0.037658
,4007.752981,0.014596
,4008.755376,0.005059
a12+CMCT-A,3866.683319,0.1838714
,3867.686094,0.281868
,3868.688701,0.245606
,3869.691237,0.155709
,3870.693725,0.079382
,3871.696178,0.03431
,3872.698605,0.012991
,3873.70101,0.004405
a12+CMCT-G,3850.688405,0.184319
,3851.691179,0.282484
,3852.693787,0.245718
,3853.696325,0.155415
,3854.698814,0.079012
,3855.701268,0.034045
,3856.703696,0.012847
,3857.706103,0.004341
a12-A,3615.483557,0.2175038
,3616.486305,0.297145
,3617.488859,0.237679
,3618.49135,0.139841
,3619.493793,0.066683
,3620.496206,0.027102
,3621.498594,0.00969
,3622.500962,0.003113
a12-G,3599.488642,0.2180333
,3600.49139,0.297785
,3601.493945,0.237696
,3602.496438,0.139479
,3603.498882,0.066304
,3604.501296,0.026857
,3605.503685,0.009567
,3606.506055,0.003061
a13,4056.563354,0.1783334
,4057.566075,0.276277
,4058.568633,0.245233
,4059.571127,0.158888
,4060.573576,0.082972
,4061.575994,0.036793
,4062.578388,0.014311
,4063.580762,0.00499
a13+CMCT,4307.763117,0.1507509
,4308.765864,0.258692
,4309.768468,0.248538
,4310.771004,0.17257
,4311.773493,0.095912
,4312.775949,0.045046
,4313.778379,0.018488
,4314.780787,0.006782
,4315.783179,0.00226
a13+CMCT-A,4172.708621,0.1621738
,4173.711411,0.2664
,4174.714035,0.24745
,4175.716588,0.166862
,4176.719091,0.090346
,4177.721558,0.041429
,4178.723998,0.016629
,4179.726417,0.005975
,4180.728817,0.001952
a13+CMCT-G,4156.713707,0.1625686
,4157.716496,0.266986
,4158.719122,0.247617
,4159.721675,0.166625
,4160.72418,0.089994
,4161.726648,0.041153
,4162.72909,0.016469
,4163.731509,0.005898
,4164.73391,0.001921
a13-A,3921.508859,0.1918379
,3922.511626,0.283129
,3923.514202,0.242586
,3924.516713,0.152452
,3925.519174,0.077489
,3926.521604,0.033526
,3927.524007,0.012746
,3928.526391,0.004351
a13-G,3905.513944,0.1923049
,3906.516711,0.283744
,3907.519289,0.242673
,3908.5218,0.152148
,3909.524263,0.077121
,3910.526693,0.033265
,3911.529098,0.012606
,3912.531483,0.004288
a14,4361.604641,0.1570788
,4362.607367,0.261115
,4363.609938,0.246703
,4364.612444,0.169583
,4365.614905,0.093743
,4366.617334,0.043936
,4367.619738,0.018041
,4368.622123,0.006635
,4369.624491,0.002221
a14+CMCT,4612.804403,0.1327931
,4613.807154,0.242895
,4614.809767,0.247389
,4615.812312,0.181619
,4616.814811,0.106538
,4617.817275,0.052744
,4618.819714,0.022796
,4619.822131,0.0088
,4620.824531,0.003084
a14+CMCT-A,4477.749908,0.1428358
,4478.752698,0.250789
,4479.755332,0.247368
,4480.757893,0.176614
,4481.760405,0.101047
,4482.762881,0.048894
,4483.765329,0.020688
,4484.767756,0.007828
,4485.770164,0.002693
a14+CMCT-G,4461.754994,0.1431835
,4462.757783,0.251345
,4463.760418,0.24758
,4464.76298,0.176434
,4465.765493,0.100718
,4466.76797,0.048613
,4467.77042,0.020513
,4468.772847,0.00774
,4469.775256,0.002654
a14-A,4226.550146,0.1689721
,4227.552915,0.268493
,4228.555504,0.245292
,4229.558026,0.163792
,4230.560499,0.088237
,4231.562939,0.040394
,4232.565353,0.016229
,4233.567747,0.005848
,4234.570124,0.00192
a14-G,4210.555231,0.1693834
,4211.558,0.269082
,4212.560591,0.245439
,4213.563113,0.163545
,4214.565588,0.087886
,4215.568029,0.040123
,4216.570444,0.016073
,4217.572838,0.005774
,4218.575216,0.00189
a15,4706.652076,0.1358712
,4707.654787,0.243703
,4708.657357,0.246092
,4709.659864,0.180056
,4710.662327,0.105641
,4711.664758,0.052447
,4712.667164,0.022777
,4713.669552,0.00885
,4714.671923,0.003126
a15+CMCT,4957.851838,0.1148527
,4958.854573,0.225162
,4959.857182,0.244122
,4960.859726,0.190127
,4961.862224,0.118038
,4962.86469,0.061743
,4963.867129,0.028158
,4964.869547,0.011458
,4965.871948,0.00423
a15+CMCT-A,4822.797343,0.1235567
,4823.800114,0.233164
,4824.802743,0.24523
,4825.805302,0.185994
,4826.807813,0.112754
,4827.810289,0.057703
,4828.812738,0.025785
,4829.815166,0.010294
,4830.817575,0.003732
a15+CMCT-G,4806.802428,0.1238575
,4807.8052,0.233684
,4808.807829,0.245483
,4809.810389,0.185874
,4810.812901,0.112453
,4811.815378,0.057419
,4812.817828,0.025595
,4813.820257,0.010191
,4814.822666,0.003684
a15-A,4571.597581,0.1461632
,4572.600331,0.251443
,4573.60292,0.245947
,4574.605441,0.175057
,4575.607916,0.100213
,4576.610358,0.048646
,4577.612774,0.020691
,4578.61517,0.007884
,4579.617549,0.002734
a15-G,4555.602666,0.146519
,4556.605416,0.252
,4557.608006,0.246149
,4558.610528,0.174871
,4559.613004,0.099885
,4560.615447,0.048367
,4561.617864,0.020518
,4562.62026,0.007796
,4563.62264,0.002696
a16,5051.69951,0.1175321
,5052.702209,0.226243
,5053.704778,0.243186
,5054.707286,0.188676
,5055.70975,0.117079
,5056.712183,0.061361
,5057.714593,0.028092
,5058.716982,0.011493
,5059.719356,0.004271
a16+CMCT,5302.899273,0.0993546
,5303.901995,0.207825
,5304.9046,0.238979
,5305.907142,0.196774
,5306.909641,0.128875
,5307.912106,0.071001
,5308.914547,0.034061
,5309.916966,0.014565
,5310.919368,0.005646
,5311.921756,0.002009
a16+CMCT-A,5167.844778,0.1068755
,5168.847533,0.215719
,5169.850157,0.240995
,5170.852715,0.193481
,5171.855225,0.123862
,5172.857702,0.066824
,5173.860151,0.031438
,5174.862579,0.013199
,5175.864989,0.005028
,5176.867384,0.00176
a16+CMCT-G,5151.849863,0.1071357
,5152.852618,0.216203
,5153.855243,0.241279
,5154.857801,0.193416
,5155.860313,0.123595
,5156.86279,0.066542
,5157.865241,0.031235
,5158.86767,0.013083
,5159.870081,0.004971
,5160.872476,0.001735
a16-A,4916.645015,0.1264302
,4917.647749,0.234099
,4918.650337,0.24413
,4919.652859,0.184498
,4920.655335,0.111825
,4921.657779,0.057358
,4922.660197,0.025739
,4923.662595,0.010335
,4924.664976,0.003773
a16-G,4900.650101,0.126738
,4901.652834,0.23462
,4902.655423,0.244374
,4903.657946,0.184372
,4904.660423,0.111526
,4905.662867,0.057077
,4906.665286,0.025551
,4907.667685,0.010233
,4908.670067,0.003726
a17,5396.746945,0.1016625
,5397.749633,0.209045
,5398.752201,0.238321
,5399.754709,0.19542
,5400.757175,0.127853
,5401.75961,0.070524
,5402.762022,0.033936
,5403.764414,0.014577
,5404.766791,0.005683
,5405.769153,0.002036
a17+CMCT,5647.946708,0.0859372
,5648.949418,0.191044
,5649.95202,0.232232
,5650.954561,0.201551
,5651.957059,0.138853
,5652.959526,0.080346
,5653.961967,0.040436
,5654.964388,0.018123
,5655.966791,0.007357
,5656.96918,0.00274
a17+CMCT-A,5512.892212,0.0924448
,5513.894954,0.198731
,5514.897574,0.235024
,5515.900129,0.199103
,5516.90264,0.134202
,5517.905116,0.076107
,5518.907567,0.037591
,5519.909996,0.016552
,5520.912407,0.006608
,5521.914803,0.002422
a17+CMCT-G,5496.897298,0.0926698
,5497.900039,0.199179
,5498.90266,0.23533
,5499.905216,0.199089
,5500.907727,0.133969
,5501.910205,0.075833
,5502.912656,0.037378
,5503.915086,0.016423
,5504.917498,0.006541
,5505.919895,0.002392
a17-A,5261.69245,0.1093574
,5262.69517,0.216847
,5263.697756,0.240198
,5264.700278,0.192078
,5265.702756,0.122866
,5266.705201,0.066387
,5267.707622,0.031337
,5268.710022,0.01322
,5269.712406,0.005067
,5270.714776,0.001786
a17-G,5245.697535,0.1096236
,5246.700255,0.217333
,5247.702842,0.240474
,5248.705365,0.192008
,5249.707843,0.122599
,5250.71029,0.066108
,5251.712711,0.031136
,5252.715112,0.013105
,5253.717496,0.00501
,5254.719867,0.001761
a18,5702.772248,0.0896642
,5703.77495,0.194211
,5704.777535,0.232386
,5705.780058,0.199629
,5706.782539,0.136655
,5707.784988,0.078798
,5708.787413,0.039608
,5709.789818,0.017763
,5710.792206,0.007227
,5711.79458,0.002701
a18+CMCT,5953.97201,0.0757921
,5954.974733,0.176807
,5955.977349,0.224962
,5956.979904,0.204066
,5957.982415,0.146793
,5958.984894,0.088626
,5959.987346,0.046512
,5960.989778,0.021728
,5961.992193,0.00919
,5962.994592,0.003565
a18+CMCT-A,5818.917515,0.0815385
,5819.920268,0.184231
,5820.922902,0.228313
,5821.925471,0.202354
,5822.927994,0.142535
,5823.930482,0.084404
,5824.932944,0.043502
,5825.935384,0.019979
,5826.937806,0.008315
,5827.940212,0.003176
a18+CMCT-G,5802.9226,0.0817369
,5803.925353,0.184649
,5804.927988,0.228631
,5805.930557,0.20238
,5806.933081,0.142335
,5807.93557,0.084139
,5808.938033,0.043284
,5809.940474,0.019838
,5810.942896,0.008239
,5811.945303,0.00314
a18-A,5567.717752,0.0964578
,5568.720487,0.201851
,5569.723089,0.234961
,5570.725626,0.197042
,5571.728118,0.131994
,5572.730577,0.074612
,5573.733011,0.036817
,5574.735423,0.016227
,5575.737819,0.006494
,5576.7402,0.002389
a18-G,5551.722838,0.0966926
,5552.725572,0.202305
,5553.728175,0.235257
,5554.730713,0.197016
,5555.733205,0.131757
,5556.735665,0.074339
,5557.738099,0.036608
,5558.740513,0.016099
,5559.742909,0.006428
,5560.74529,0.002359
a19,6047.819682,0.0775556
,6048.822375,0.178168
,6049.824958,0.224796
,6050.827481,0.20299
,6051.829963,0.145752
,6052.832414,0.088014
,6053.834841,0.046274
,6054.837247,0.021684
,6055.839638,0.009211
,6056.842014,0.003591
a19+CMCT,6299.019445,0.0655635
,6300.022158,0.161555
,6301.02477,0.216152
,6302.027323,0.205643
,6303.029834,0.154862
,6304.032313,0.097744
,6305.034767,0.053569
,6306.0372,0.02611
,6307.039615,0.011515
,6308.042016,0.004654
,6309.044403,0.001742
a19+CMCT-A,6163.96495,0.0705314
,6164.96769,0.168623
,6165.97032,0.219996
,6166.972887,0.204688
,6167.975409,0.151057
,6168.977898,0.093579
,6169.98036,0.0504
,6170.982801,0.024165
,6171.985224,0.010492
,6172.987631,0.004178
a19+CMCT-G,6147.970035,0.070703
,6148.972775,0.169007
,6149.975406,0.220322
,6150.977973,0.204756
,6151.980496,0.150894
,6152.982986,0.093329
,6153.985449,0.050177
,6154.98789,0.024013
,6155.990314,0.010405
,6156.992722,0.004135
a19-A,5912.765187,0.0834351
,5913.767909,0.185555
,5914.770509,0.228032
,5915.773046,0.201213
,5916.775539,0.141497
,5917.777999,0.083823
,5918.780434,0.043291
,5919.782849,0.019949
,5920.785246,0.00834
,5921.787629,0.003203
a19-G,5896.770272,0.0836382
,5897.772994,0.185975
,5898.775595,0.228344
,5899.778132,0.201234
,5900.780626,0.141296
,5901.783087,0.083561
,5902.785523,0.043075
,5903.787938,0.01981
,5904.790336,0.008264
,5905.79272,0.003167
a20,6376.872202,0.0672544
,6377.874886,0.163309
,6378.877467,0.21653
,6379.879991,0.20481
,6380.882475,0.153694
,6381.884928,0.096836
,6382.887357,0.053051
,6383.889767,0.025877
,6384.89216,0.011431
,6385.894539,0.004632
,6386.896906,0.001739
a20+CMCT,6628.071965,0.0568509
,6629.074668,0.14753
,6630.077277,0.206921
,6631.07983,0.205801
,6632.082341,0.161703
,6633.084821,0.10633
,6634.087276,0.060641
,6635.089711,0.030727
,6636.092129,0.014076
,6637.094531,0.005906
,6638.096921,0.002293
a20+CMCT-A,6493.01747,0.061158
,6494.020199,0.154221
,6495.022825,0.211142
,6496.025391,0.205541
,6497.027913,0.158373
,6498.030403,0.102276
,6499.032867,0.057351
,6500.035309,0.028601
,6501.037734,0.012905
,6502.040143,0.005337
,6503.042539,0.002043
a20+CMCT-G,6477.022555,0.0613068
,6478.025284,0.154573
,6479.027911,0.211471
,6480.030477,0.205643
,6481.033,0.158246
,6482.035491,0.102043
,6483.037955,0.057127
,6484.040398,0.028439
,6485.042823,0.012808
,6486.045233,0.005287
,6487.04763,0.00202
a20-A,6241.817707,0.0723469
,6242.820418,0.170368
,6243.823016,0.220259
,6244.825553,0.203759
,6245.828048,0.149861
,6246.83051,0.092687
,6247.832948,0.049908
,6248.835365,0.023951
,6249.837765,0.010418
,6250.84015,0.00416
a20-G,6225.822793,0.072523
,6226.825503,0.170755
,6227.828102,0.220582
,6228.830639,0.20382
,6229.833134,0.149695
,6230.835598,0.092437
,6231.838036,0.049687
,6232.840454,0.0238
,6233.842854,0.010332
,6234.84524,0.004117
a21,6705.924723,0.0583142
,6706.927397,0.149235
,6707.929978,0.207467
,6708.932502,0.205146
,6709.934987,0.160598
,6710.937443,0.105391
,6711.939874,0.060063
,6712.942286,0.030447
,6713.944682,0.013966
,6714.947064,0.005872
,6715.949433,0.002286
a21+CMCT,6957.124485,0.0492978
,6958.127179,0.134384
,6959.129786,0.197178
,6960.132337,0.204637
,6961.134849,0.167472
,6962.13733,0.114541
,6963.139787,0.067869
,6964.142224,0.035697
,6965.144643,0.016961
,6966.147047,0.007377
,6967.149439,0.002967
a21+CMCT-A,6822.06999,0.0530305
,6823.072709,0.14067
,6824.075332,0.201666
,6825.077896,0.205007
,6826.080419,0.164635
,6827.082909,0.110647
,6828.085374,0.064495
,6829.087818,0.033401
,6830.090245,0.015639
,6831.092656,0.006707
,6832.095054,0.002661
a21+CMCT-G,6806.075075,0.0531596
,6807.077794,0.140992
,6808.080417,0.201994
,6809.082982,0.20514
,6810.085505,0.164542
,6811.087997,0.110433
,6812.090462,0.064272
,6813.092907,0.033231
,6814.095334,0.015532
,6815.097746,0.006649
,6816.100144,0.002633
a21-A,6570.870227,0.0627293
,6571.872928,0.155933
,6572.875524,0.211591
,6573.878062,0.204789
,6574.880557,0.157231
,6575.883022,0.101347
,6576.885462,0.056798
,6577.887881,0.02834
,6578.890284,0.012806
,6579.892672,0.005308
,6580.895048,0.002038
a21-G,6554.875313,0.062882
,6555.878013,0.156289
,6556.88061,0.211917
,6557.883148,0.204886
,6558.885644,0.157101
,6559.888109,0.101113
,6560.890549,0.056575
,6561.89297,0.02818
,6562.895373,0.01271
,6563.897762,0.005258
,6564.900138,0.002015
a22,7050.972157,0.0504396
,7051.974825,0.135706
,7052.977403,0.197529
,7053.979928,0.204004
,7054.982414,0.166516
,7055.984871,0.113787
,7056.987304,0.067456
,7057.989718,0.035539
,7058.992116,0.016931
,7059.9945,0.007389
,7060.996871,0.002984
a22+CMCT,7302.17192,0.0426382
,7303.174606,0.121829
,7304.17721,0.186758
,7305.17976,0.202079
,7306.182272,0.172165
,7307.184754,0.122443
,7308.187211,0.075372
,7309.189649,0.041154
,7310.192069,0.020286
,7311.194475,0.009148
,7312.196868,0.003813
a22+CMCT-A,7167.117425,0.0458666
,7168.120134,0.127689
,7169.122754,0.191425
,7170.125317,0.203037
,7171.127839,0.169852
,7172.13033,0.118769
,7173.132795,0.071958
,7174.13524,0.038705
,7175.137668,0.018808
,7176.14008,0.008367
,7177.142479,0.003442
a22+CMCT-G,7151.12251,0.0459782
,7152.125219,0.127983
,7153.127839,0.191748
,7154.130403,0.203195
,7155.132925,0.169795
,7156.135417,0.118577
,7157.137883,0.071739
,7158.140329,0.038528
,7159.142757,0.018692
,7160.145169,0.008301
,7161.147569,0.003409
a22-A,6915.917662,0.0542641
,6916.920354,0.142016
,6917.922948,0.201963
,6918.925485,0.204323
,6919.927981,0.163674
,6920.930447,0.10992
,6921.932888,0.064114
,6922.93531,0.033265
,6923.937714,0.015618
,6924.940104,0.006722
,6925.942482,0.002679
a22-G,6899.922747,0.0543962
,6900.925439,0.142341
,6901.928033,0.202289
,6902.930571,0.204451
,6903.933068,0.163579
,6904.935534,0.109706
,6905.937976,0.063892
,6906.940398,0.033096
,6907.942803,0.015513
,6908.945194,0.006665
,6909.947572,0.002651
a23,7356.99746,0.0444856
,7358.00014,0.124568
,7359.002731,0.188318
,7360.005269,0.201744
,7361.007767,0.170658
,7362.010235,0.120774
,7363.012679,0.07411
,7364.015104,0.040396
,7365.017512,0.019904
,7366.019906,0.008981
,7367.022287,0.00375
a23+CMCT,7608.197222,0.0376084
,7609.19992,0.111584
,7610.202535,0.17734
,7611.205097,0.198741
,7612.207619,0.175236
,7613.210111,0.128908
,7614.212579,0.08204
,7615.215026,0.046295
,7616.217456,0.023578
,7617.219871,0.010982
,7618.222273,0.004727
,7619.224663,0.001896
a23+CMCT-A,7473.142727,0.0404568
,7474.145447,0.117068
,7475.148078,0.18209
,7476.150652,0.20016
,7477.153185,0.173393
,7478.155686,0.125474
,7479.158162,0.078633
,7480.160616,0.04373
,7481.163053,0.021965
,7482.165474,0.010097
,7483.167882,0.004291
,7484.170278,0.0017
a23+CMCT-G,7457.147812,0.0405553
,7458.150532,0.117337
,7459.153163,0.182405
,7460.155738,0.200336
,7461.158271,0.173364
,7462.160773,0.125302
,7463.163249,0.07842
,7464.165704,0.04355
,7465.168142,0.021841
,7466.170563,0.010023
,7467.172972,0.004253
,7468.175368,0.001682
a23-A,7221.942964,0.0478582
,7222.945668,0.130502
,7223.948275,0.192911
,7224.950825,0.20258
,7225.953333,0.168278
,7226.95581,0.117102
,7227.958262,0.070734
,7228.960694,0.037987
,7229.963109,0.018455
,7230.965508,0.008216
,7231.967895,0.003386
a23-G,7205.94805,0.0479747
,7206.950753,0.130801
,7207.953361,0.193232
,7208.955911,0.202731
,7209.958419,0.168214
,7210.960897,0.116907
,7211.96335,0.070516
,7212.965782,0.037813
,7213.968197,0.01834
,7214.970598,0.008151
,7215.972985,0.003354
a24,7662.038746,0.0391844
,7663.041431,0.114155
,7664.044029,0.179079
,7665.046574,0.198752
,7666.049079,0.173977
,7667.051555,0.127294
,7668.054006,0.080699
,7669.056438,0.04542
,7670.058853,0.023096
,7671.061253,0.010751
,7672.06364,0.004629
,7673.066017,0.001858
a24+CMCT,7913.238509,0.0331266
,7914.24121,0.102033
,7915.243831,0.167992
,7916.246399,0.19477
,7917.248928,0.177492
,7918.251426,0.134841
,7919.2539,0.088569
,7920.256353,0.051557
,7921.258789,0.027074
,7922.26121,0.012999
,7923.263618,0.005766
,7924.266014,0.002382
a24+CMCT-A,7778.184014,0.0356354
,7779.186737,0.107147
,7780.189373,0.172773
,7781.191953,0.196595
,7782.194492,0.176104
,7783.196999,0.131665
,7784.199481,0.085196
,7785.201942,0.048894
,7786.204384,0.025332
,7787.206811,0.012006
,7788.209224,0.00526
,7789.211626,0.002147
a24+CMCT-G,7762.189099,0.0357221
,7763.191822,0.107394
,7764.194458,0.173079
,7765.197039,0.196787
,7766.199578,0.176102
,7767.202086,0.131515
,7768.204569,0.084991
,7769.20703,0.048711
,7770.209473,0.0252
,7771.2119,0.011926
,7772.214314,0.005216
,7773.216716,0.002126
a24-A,7526.984251,0.0421532
,7527.986959,0.119713
,7528.989572,0.183767
,7529.992129,0.200048
,7530.994644,0.172048
,7531.997128,0.12384
,7532.999588,0.077316
,7534.002026,0.042891
,7535.004447,0.021512
,7536.006854,0.009884
,7537.009247,0.004202
,7538.011629,0.001667
a24-G,7510.989337,0.0422558
,7511.992044,0.119988
,7512.994658,0.184082
,7513.997215,0.200219
,7514.999731,0.172012
,7516.002215,0.123665
,7517.004675,0.077104
,7518.007114,0.042712
,7519.009536,0.02139
,7520.011943,0.009812
,7521.014336,0.004165
,7522.016719,0.001649
a25,8007.086181,0.0338948
,8008.088859,0.103196
,8009.091455,0.168629
,8010.093999,0.194545
,8011.096505,0.176753
,8012.098981,0.134075
,8013.101434,0.088038
,8014.103867,0.051284
,8015.106283,0.026973
,8016.108685,0.01298
,8017.111074,0.005774
,8018.113453,0.002394
a25+CMCT,8258.285943,0.0286516
,8259.288638,0.092012
,8260.291255,0.157528
,8261.293822,0.189574
,8262.29635,0.179084
,8263.298849,0.140886
,8264.301323,0.095751
,8265.303777,0.057631
,8266.306214,0.031275
,8267.308636,0.015509
,8268.311045,0.007102
,8269.313442,0.003028
a25+CMCT-A,8123.231448,0.0308233
,8124.234163,0.096726
,8125.236796,0.162301
,8126.239374,0.19181
,8127.241912,0.178203
,8128.24442,0.138036
,8129.246902,0.092455
,8130.249363,0.054885
,8131.251806,0.029396
,8132.254234,0.014395
,8133.256648,0.006513
,8134.259051,0.002745
a25+CMCT-G,8107.236534,0.0308983
,8108.239248,0.096949
,8109.241881,0.162596
,8110.24446,0.192016
,8111.246999,0.17823
,8112.249506,0.13791
,8113.251989,0.092262
,8114.254451,0.054701
,8115.256894,0.029257
,8116.259323,0.014307
,8117.261738,0.006463
,8118.264141,0.00272
a25-A,7872.031686,0.0364639
,7873.034385,0.108344
,7874.036996,0.173378
,7875.039552,0.196318
,7876.042067,0.175338
,7877.044552,0.130907
,7878.047013,0.084688
,7879.049452,0.048643
,7880.051875,0.025244
,7881.054283,0.011994
,7882.056678,0.005271
,7883.059062,0.00216
a25-G,7856.036771,0.0365526
,7857.03947,0.108593
,7858.042082,0.173684
,7859.044638,0.196506
,7860.047154,0.175334
,7861.049639,0.130755
,7862.0521,0.084484
,7863.05454,0.048461
,7864.056963,0.025114
,7865.059372,0.011914
,7866.061767,0.005227
,7867.064151,0.002139
a26,8312.127468,0.0298555
,8313.13015,0.094275
,8314.132752,0.159418
,8315.135303,0.190051
,8316.137816,0.178242
,8317.140299,0.139453
,8318.142758,0.094386
,8319.145197,0.056642
,8320.14762,0.030677
,8321.150028,0.015196
,8322.152424,0.006956
,8323.154808,0.002967
a26+CMCT,8563.32723,0.0252386
,8564.329928,0.083906
,8565.332551,0.14844
,8566.335123,0.18437
,8567.337657,0.179593
,8568.340162,0.145586
,8569.342642,0.101896
,8570.345102,0.06313
,8571.347544,0.035249
,8572.349972,0.017979
,8573.352386,0.008466
,8574.354789,0.003711
,8575.357181,0.001525
a26+CMCT-A,8428.272735,0.0271516
,8429.275453,0.088274
,8430.27809,0.153153
,8431.280674,0.186903
,8432.283218,0.179133
,8433.285731,0.143035
,8434.288219,0.098698
,8435.290686,0.06033
,8436.293135,0.033257
,8437.295568,0.016756
,8438.297988,0.007798
,8439.300396,0.003379
a26+CMCT-G,8412.27782,0.0272177
,8413.280538,0.088479
,8414.283176,0.153436
,8415.28576,0.187118
,8416.288304,0.179183
,8417.290818,0.142931
,8418.293306,0.098516
,8419.295774,0.060146
,8420.298223,0.033113
,8421.300657,0.016661
,8422.303077,0.007742
,8423.305485,0.003351
a26-A,8177.072973,0.0321156
,8178.075676,0.099056
,8179.078292,0.164145
,8180.080855,0.192165
,8181.083377,0.17725
,8182.085868,0.13655
,8183.088335,0.09109
,8184.090781,0.053919
,8185.09321,0.028824
,8186.095624,0.014101
,8187.098025,0.006378
,8188.100414,0.002689
a26-G,8161.078058,0.0321938
,8162.080761,0.099285
,8163.083378,0.164441
,8164.08594,0.192366
,8165.088463,0.17727
,8166.090955,0.13642
,8167.093422,0.090896
,8168.095869,0.053736
,8169.098299,0.028687
,8170.100713,0.014014
,8171.103114,0.006329
,8172.105504,0.002665
c01,345.047435,0.8649917
,346.049958,0.113585
,347.051939,0.019342
,348.054276,0.001886
c01+CMCT,596.247197,0.7312159
,597.249983,0.217989
,598.252385,0.043417
,599.25479,0.006489
c01+CMCT-G,445.197787,0.7885201
,446.200892,0.176939
,447.203253,0.030275
,448.205783,0.003826
c01-G,193.998025,0.9327759
,195.001455,0.053718
,196.002533,0.012756
c02,690.094869,0.7482095
,691.097393,0.1965
,692.099525,0.046362
,693.101818,0.007657
c02+CMCT,941.294632,0.6324984
,942.297338,0.271615
,943.299733,0.076459
,944.302118,0.01614
,945.304451,0.00281
c02+CMCT-G,790.245222,0.6820609
,791.248112,0.242614
,792.250502,0.061536
,793.252955,0.011657
c02-G,539.04546,0.8068432
,540.04826,0.152415
,541.050217,0.035177
,542.052701,0.004829
c03,995.136156,0.6590415
,996.138763,0.247623
,997.140982,0.073731
,998.143307,0.016048
,999.145537,0.003
c03+CMCT,1246.335919,0.5571132
,1247.338644,0.302255
,1248.341071,0.105664
,1249.343478,0.027672
,1250.345832,0.005973
c03+CMCT-G,1095.286509,0.6007757
,1096.289377,0.281651
,1097.291809,0.090514
,1098.294266,0.0218
,1099.296642,0.004373
c03-G,844.086746,0.7106838
,845.089546,0.214632
,846.091681,0.06053
,847.094113,0.011751
c04,1340.183591,0.5700604
,1341.186176,0.289046
,1342.188459,0.104649
,1343.19078,0.028288
,1344.19304,0.00643
c04+CMCT,1591.383353,0.4818987
,1592.386039,0.324728
,1593.388479,0.136506
,1594.390883,0.042835
,1595.39324,0.011024
,1596.395575,0.002433
c04+CMCT-G,1440.333944,0.5196584
,1441.336736,0.311861
,1442.339192,0.121903
,1443.341632,0.035718
,1444.344011,0.00865
c04-G,1189.134181,0.6147337
,1190.136897,0.266377
,1191.139155,0.090483
,1192.141533,0.022532
,1193.143797,0.004816
c05,1646.208893,0.5027908
,1647.211551,0.310102
,1648.213896,0.131277
,1649.216258,0.041643
,1650.218561,0.011035
,1651.220855,0.002523
c05+CMCT,1897.408656,0.42503
,1898.411384,0.333039
,1899.413862,0.161124
,1900.416297,0.058091
,1901.418684,0.017154
,1902.421045,0.004343
c05+CMCT-G,1746.359246,0.4583442
,1747.362069,0.325352
,1748.364564,0.147732
,1749.367031,0.050219
,1750.369437,0.014075
,1751.371818,0.003392
c05-G,1495.159483,0.5421943
,1496.162255,0.294432
,1497.164588,0.117451
,1498.166995,0.034834
,1499.169306,0.00875
c06,1951.25018,0.4428666
,1952.252859,0.323234
,1953.25525,0.155474
,1954.257635,0.056076
,1955.259965,0.016775
,1956.262281,0.004324
c06+CMCT,2202.449942,0.3743738
,2203.45268,0.335691
,2204.455183,0.182665
,2205.457635,0.073822
,2206.460039,0.024359
,2207.462415,0.00688
c06+CMCT-G,2051.400533,0.4037223
,2052.403353,0.332242
,2053.405875,0.170698
,2054.408355,0.065471
,2055.410777,0.020617
,2056.413172,0.005574
c06-G,1800.20077,0.4775784
,1801.203546,0.313359
,1802.205937,0.142438
,1803.208356,0.048485
,1804.210699,0.013819
,1805.213035,0.0034
c07,2280.3027,0.3840095
,2281.305355,0.330555
,2282.307773,0.179288
,2283.310162,0.072683
,2284.312506,0.024241
,2285.314829,0.006948
c07+CMCT,2531.502463,0.324617
,2532.505172,0.333578
,2533.507683,0.203075
,2534.510137,0.091263
,2535.512546,0.03332
,2536.514926,0.010382
,2537.517284,0.002848
c07+CMCT-G,2380.453053,0.3500598
,2381.455831,0.333915
,2382.458365,0.19282
,2383.460843,0.08265
,2384.463269,0.028915
,2385.465667,0.008658
,2386.468039,0.002287
c07-G,2129.25329,0.4141079
,2130.256024,0.325934
,2131.258452,0.167473
,2132.260868,0.064505
,2133.263227,0.020576
,2134.265567,0.005654
c08,2585.343987,0.3382453
,2586.346658,0.329418
,2587.349107,0.197688
,2588.351517,0.088376
,2589.353882,0.032368
,2590.356223,0.010168
,2591.358544,0.002824
c08+CMCT,2836.543749,0.2859336
,2837.546468,0.326167
,2838.548997,0.217887
,2839.551467,0.107072
,2840.553891,0.042636
,2841.556285,0.014467
,2842.558656,0.004316
c08+CMCT-G,2685.49434,0.3083412
,2686.49712,0.328995
,2687.499673,0.209338
,2688.502164,0.098509
,2689.504606,0.03772
,2690.507016,0.012339
,2691.509401,0.003557
c08-G,2434.294577,0.364755
,2435.297319,0.328345
,2436.299782,0.187356
,2437.302215,0.079961
,2438.304595,0.028112
,2439.306952,0.008499
,2440.309286,0.002277
c09,2914.396507,0.2932892
,2915.39916,0.324036
,2916.401623,0.214754
,2917.404038,0.105418
,2918.406412,0.042165
,2919.40876,0.014422
,2920.411089,0.00435
c09+CMCT,3165.596269,0.2479294
,3166.598967,0.315277
,3167.6015,0.230979
,3168.603971,0.123779
,3169.606399,0.053533
,3170.608797,0.019675
,3171.611172,0.006346
,3172.613529,0.001835
c09+CMCT-G,3014.54686,0.2673593
,3015.549612,0.320274
,3016.552168,0.224281
,3017.55466,0.11547
,3018.557104,0.048155
,3019.559517,0.017109
,3020.561905,0.005344
c09-G,2763.347097,0.3162705
,2764.34981,0.32611
,2765.352291,0.206135
,2766.354727,0.096972
,2767.357115,0.037339
,2768.359478,0.012327
,2769.361819,0.003596
c10,3219.437794,0.2583398
,3220.440461,0.314642
,3221.442946,0.226666
,3222.445379,0.120485
,3223.44777,0.052025
,3224.450134,0.019175
,3225.452478,0.006223
c10+CMCT,3470.637556,0.2183853
,3471.640262,0.302408
,3472.64281,0.239278
,3473.645295,0.138046
,3474.647736,0.064135
,3475.650147,0.025285
,3476.652533,0.008739
,3477.654901,0.002706
c10+CMCT-G,3319.588146,0.2354885
,3320.590902,0.30873
,3321.593473,0.234211
,3322.595978,0.130174
,3323.598435,0.05846
,3324.60086,0.02233
,3325.603259,0.00749
,3326.605638,0.002254
c10-G,3068.388384,0.2785822
,3069.391106,0.318758
,3070.39361,0.21969
,3071.396062,0.11226
,3072.398468,0.046787
,3073.400846,0.016685
,3074.403201,0.00525
c11,3524.47908,0.2275465
,3525.481758,0.302875
,3526.484264,0.235593
,3527.486713,0.134715
,3528.48912,0.062401
,3529.491499,0.024628
,3530.493856,0.008547
,3531.496196,0.002665
c11+CMCT,3775.678843,0.1923517
,3776.681556,0.288114
,3777.684118,0.244767
,3778.686615,0.151156
,3779.689069,0.075015
,3780.691491,0.031546
,3781.693888,0.011617
,3782.696267,0.00383
c11+CMCT-G,3624.629433,0.2074349
,3625.632193,0.295414
,3626.634777,0.24126
,3627.637293,0.14387
,3628.639762,0.06916
,3629.642197,0.028234
,3630.644607,0.01011
,3631.646997,0.003245
c11-G,3373.429671,0.2453828
,3374.432399,0.308525
,3375.434924,0.230224
,3376.437392,0.126884
,3377.439813,0.056854
,3378.442205,0.021757
,3379.444573,0.007335
,3380.446924,0.002224
c12,3830.504383,0.2006933
,3831.507085,0.289151
,3832.509616,0.241492
,3833.512087,0.147856
,3834.514514,0.073187
,3835.516912,0.030827
,3836.519287,0.011408
,3837.521643,0.003789
c12+CMCT,4081.704145,0.1696576
,4082.706877,0.272736
,4083.709459,0.247484
,4084.711975,0.162904
,4085.714446,0.086051
,4086.716884,0.038481
,4087.719296,0.015058
,4088.721689,0.005273
c12+CMCT-G,3930.654735,0.1829563
,3931.657511,0.280626
,3932.660116,0.245382
,3933.66265,0.156301
,3934.665135,0.080128
,3935.667586,0.034847
,3936.67001,0.013282
,3937.672414,0.004536
c12-G,3679.454973,0.2164241
,3680.457723,0.29586
,3681.460273,0.237647
,3682.462762,0.140569
,3683.465203,0.067446
,3684.467614,0.027599
,3685.47,0.009939
,3686.472367,0.003217
c13,4136.529685,0.1770093
,4137.532407,0.274449
,4138.534962,0.244848
,4139.537453,0.159705
,4140.539899,0.084057
,4141.542314,0.0376
,4142.544705,0.014762
,4143.547077,0.005199
c13+CMCT,4387.729448,0.149644
,4388.732196,0.256981
,4389.734797,0.247959
,4390.73733,0.173196
,4391.739816,0.096946
,4392.742269,0.045895
,4393.744695,0.018999
,4394.747101,0.007034
,4395.74949,0.002367
c13+CMCT-G,4236.680038,0.1613632
,4237.682828,0.26521
,4238.68545,0.247109
,4239.688001,0.167333
,4240.690501,0.091052
,4241.692967,0.041984
,4242.695405,0.016953
,4243.697821,0.006129
,4244.700219,0.002016
c13-G,3985.480275,0.1908931
,3986.483043,0.281902
,3987.485617,0.242422
,3988.488125,0.15307
,3989.490585,0.078233
,3990.493012,0.034053
,3991.495414,0.013031
,3992.497796,0.004478
c14,4441.570972,0.155921
,4442.573699,0.259388
,4443.576267,0.246172
,4444.578771,0.170239
,4445.581229,0.094776
,4446.583655,0.044771
,4447.586057,0.01854
,4448.588439,0.00688
,4449.590805,0.002325
c14+CMCT,4692.770734,0.1318108
,4693.773486,0.241265
,4694.776096,0.246675
,4695.778638,0.182071
,4696.781134,0.107492
,4697.783596,0.053602
,4698.786032,0.023349
,4699.788446,0.009089
,4700.790843,0.003214
c14+CMCT-G,4541.721324,0.1421325
,4542.724115,0.249679
,4543.726747,0.246953
,4544.729306,0.176986
,4545.731816,0.101716
,4546.73429,0.049465
,4547.736736,0.021043
,4548.739161,0.008009
,4549.741567,0.002771
c14-G,4290.521562,0.1681366
,4291.524332,0.267313
,4292.526919,0.245004
,4293.529439,0.164294
,4294.53191,0.088948
,4295.534348,0.040942
,4296.536761,0.016546
,4297.539152,0.006
,4298.541528,0.001983
c15,4786.618407,0.1348678
,4787.621119,0.242074
,4788.623687,0.245411
,4789.626191,0.180524
,4790.628651,0.106594
,4791.63108,0.053297
,4792.633484,0.023325
,4793.635869,0.009136
,4794.638238,0.003255
c15+CMCT,5037.818169,0.1140072
,5038.820905,0.223648
,5039.823512,0.243308
,5040.826053,0.19041
,5041.828549,0.118902
,5042.831012,0.062603
,5043.833448,0.028754
,5044.835864,0.011789
,5045.838263,0.004387
c15+CMCT-G,4886.768759,0.122943
,4887.771532,0.232114
,4888.774159,0.24472
,4889.776716,0.186238
,4890.779225,0.113359
,4891.781699,0.058276
,4892.784147,0.02617
,4893.786572,0.010502
,4894.788979,0.003828
c15-G,4635.568997,0.1454414
,4636.571748,0.25033
,4637.574335,0.245549
,4638.576855,0.175435
,4639.579328,0.100877
,4640.581768,0.04921
,4641.584182,0.021042
,4642.586577,0.008062
,4643.588954,0.002812
c16,5131.665841,0.116666
,5132.668541,0.224723
,5133.671108,0.242396
,5134.673613,0.188974
,5135.676076,0.117942
,5136.678507,0.062212
,5137.680914,0.028681
,5138.683301,0.011821
,5139.685673,0.004428
c16+CMCT,5382.865604,0.0986203
,5383.868327,0.206414
,5384.87093,0.23808
,5385.87347,0.19689
,5386.875966,0.129632
,5387.87843,0.071844
,5388.880868,0.03469
,5389.883285,0.014937
,5390.885685,0.005833
,5391.88807,0.002091
c16+CMCT-G,5231.816194,0.106346
,5232.81895,0.214744
,5233.821573,0.240427
,5234.824129,0.193615
,5235.826638,0.124403
,5236.829112,0.067393
,5237.83156,0.031848
,5238.833987,0.013435
,5239.836395,0.005144
,5240.838789,0.00181
c16-G,4980.616432,0.1257985
,4981.619166,0.23304
,4982.621753,0.243631
,4983.624273,0.184746
,4984.626747,0.112426
,4985.62919,0.057925
,4986.631606,0.026119
,4987.634003,0.010541
,4988.636383,0.003869
c17,5476.713276,0.1009098
,5477.715965,0.207624
,5478.718531,0.23744
,5479.721037,0.19555
,5480.723501,0.12861
,5481.725935,0.071361
,5482.728344,0.034558
,5483.730735,0.014946
,5484.733109,0.005869
,5485.73547,0.002118
c17+CMCT,5727.913039,0.0853025
,5728.91575,0.189741
,5729.91835,0.231281
,5730.920889,0.201521
,5731.923385,0.139501
,5732.92585,0.081162
,5733.928289,0.041091
,5734.930707,0.018534
,5735.933109,0.007575
,5736.935496,0.002841
c17+CMCT-G,5576.863629,0.0919885
,5577.866371,0.197831
,5578.86899,0.234416
,5579.871544,0.199138
,5580.874053,0.134674
,5581.876528,0.076664
,5582.878977,0.038021
,5583.881404,0.016816
,5584.883814,0.006744
,5585.886209,0.002484
c17-G,5325.663866,0.1088168
,5326.666587,0.215871
,5327.669172,0.239647
,5328.671693,0.192225
,5329.674169,0.123409
,5330.676613,0.066953
,5331.679032,0.031744
,5332.681431,0.013454
,5333.683814,0.005182
,5334.686182,0.001836
c18,5782.738578,0.0890006
,5783.741282,0.192886
,5784.743865,0.231457
,5785.746387,0.19963
,5786.748866,0.137316
,5787.751313,0.07961
,5788.753736,0.040253
,5789.756138,0.018166
,5790.758525,0.00744
,5791.760897,0.0028
c18+CMCT,6033.938341,0.0752386
,6034.941065,0.17561
,6035.94368,0.224004
,6036.946232,0.203938
,6037.948741,0.147354
,6038.951218,0.089413
,6039.953669,0.047184
,6040.956099,0.022172
,6041.958511,0.009437
,6042.960908,0.003685
c18+CMCT-G,5882.888931,0.0811368
,5883.891685,0.183395
,5884.894318,0.227683
,5885.896885,0.20231
,5886.899407,0.142943
,5887.901894,0.08494
,5888.904354,0.043946
,5889.906793,0.020265
,5890.909213,0.00847
,5891.911618,0.00325
c18-G,5631.689169,0.0959772
,5632.691904,0.20093
,5633.694505,0.234361
,5634.697041,0.19709
,5635.699531,0.132469
,5636.701989,0.075162
,5637.704421,0.037239
,5638.706832,0.016484
,5639.709227,0.006627
,5640.711606,0.00245
c19,6127.786013,0.0769858
,6128.788707,0.176956
,6129.791288,0.223842
,6130.79381,0.20287
,6131.79629,0.146311
,6132.798739,0.088794
,6133.801164,0.046939
,6134.803569,0.022124
,6135.805958,0.009455
,6136.808332,0.003711
c19+CMCT,6378.985776,0.0650797
,6379.988489,0.160445
,6380.9911,0.21516
,6381.993652,0.205384
,6382.996161,0.155299
,6383.998638,0.098477
,6385.00109,0.054247
,6386.003521,0.026586
,6387.005935,0.011792
,6388.008333,0.004795
,6389.010719,0.001806
c19+CMCT-G,6227.936366,0.0701828
,6228.939107,0.167852
,6229.941736,0.219345
,6230.944302,0.204558
,6231.946823,0.151389
,6232.94931,0.094086
,6233.951771,0.050851
,6234.954211,0.024473
,6235.956632,0.010668
,6236.959039,0.004266
c19-G,5976.736603,0.083018
,5977.739326,0.184701
,5978.741925,0.227395
,5979.744461,0.201165
,5980.746952,0.141898
,5981.749412,0.084351
,5982.751845,0.043728
,5983.754259,0.020231
,5984.756655,0.008493
,5985.759037,0.003276
c20,6456.838533,0.0667521
,6457.841217,0.162173
,6458.843798,0.215528
,6459.84632,0.20455
,6460.848802,0.154128
,6461.851254,0.09756
,6462.853681,0.053719
,6463.856089,0.026345
,6464.858481,0.011705
,6465.860858,0.004771
,6466.863224,0.001802
c20+CMCT,6708.038296,0.0564343
,6709.041,0.14652
,6710.043608,0.205937
,6711.046159,0.205454
,6712.048668,0.162042
,6713.051147,0.107015
,6714.0536,0.061322
,6715.056033,0.031232
,6716.058449,0.014385
,6717.06085,0.00607
,6718.063238,0.00237
c20+CMCT-G,6556.988886,0.0608535
,6557.991616,0.153507
,6558.994241,0.210476
,6559.996806,0.205333
,6560.999327,0.158628
,6562.001816,0.102746
,6563.004278,0.057803
,6564.00672,0.028927
,6565.009143,0.013101
,6566.011551,0.005439
,6567.013946,0.002091
c20-G,6305.789123,0.0719851
,6306.791835,0.16958
,6307.794432,0.219603
,6308.796968,0.203629
,6309.799462,0.15019
,6310.801923,0.093188
,6311.804359,0.050353
,6312.806775,0.024254
,6313.809174,0.010592
,6314.811559,0.004247
c21,6785.891053,0.0578837
,6786.893729,0.148206
,6787.896308,0.206479
,6788.898832,0.204804
,6789.901315,0.160939
,6790.903769,0.106071
,6791.906199,0.060737
,6792.908609,0.030945
,6793.911004,0.01427
,6794.913384,0.006034
,6795.915752,0.002363
c21+CMCT,7037.090816,0.0489291
,7038.093511,0.13344
,7039.096117,0.196173
,7040.098667,0.204175
,7041.101177,0.167682
,7042.103657,0.115148
,7043.106112,0.068532
,7044.108546,0.036218
,7045.110964,0.017297
,7046.113367,0.007563
,7047.115757,0.003059
c21+CMCT-G,6886.041406,0.0527648
,6887.044125,0.140011
,6888.046748,0.200996
,6889.049311,0.204731
,6890.051833,0.164813
,6891.054322,0.111075
,6892.056786,0.064942
,6893.059229,0.033744
,6894.061654,0.015854
,6895.064064,0.006824
,6896.066461,0.002718
c21-G,6634.841644,0.0624166
,6635.844345,0.155211
,6636.846941,0.210929
,6637.849477,0.20459
,6638.851972,0.157492
,6639.854435,0.101817
,6640.856874,0.057247
,6641.859292,0.028664
,6642.861694,0.013
,6643.864081,0.005409
,6644.866456,0.002085
c22,7130.938488,0.0500666
,7131.941156,0.134766
,7132.943734,0.196547
,7133.946257,0.203573
,7134.948742,0.166749
,7135.951198,0.114404
,7136.953629,0.068121
,7137.956042,0.036059
,7138.958438,0.017265
,7139.960821,0.007575
,7140.963191,0.003076
c22+CMCT,7382.138251,0.0423224
,7383.140938,0.12098
,7384.143541,0.185788
,7385.14609,0.201562
,7386.1486,0.172286
,7387.15108,0.12299
,7388.153536,0.076023
,7389.155972,0.041695
,7390.158391,0.020651
,7391.160796,0.009359
,7392.163187,0.003922
c22+CMCT-G,7231.088841,0.0456377
,7232.091551,0.127092
,7233.09417,0.190769
,7234.096732,0.202713
,7235.099253,0.169965
,7236.101743,0.119156
,7237.104208,0.072398
,7238.106652,0.039061
,7239.109078,0.019043
,7240.111489,0.0085
,7241.113887,0.00351
c22-G,6979.889078,0.0539944
,6980.891771,0.141358
,6981.894364,0.201305
,6982.8969,0.204064
,6983.899396,0.163865
,6984.901861,0.110353
,6985.904301,0.064561
,6986.906721,0.033606
,6987.909125,0.015833
,6988.911514,0.006839
,6989.913891,0.002736
c23,7436.96379,0.0441596
,7437.966471,0.123711
,7438.969062,0.187366
,7439.971598,0.201263
,7440.974095,0.170813
,7441.976562,0.121339
,7442.979005,0.074765
,7443.981428,0.040935
,7444.983834,0.020264
,7445.986227,0.009189
,7446.988607,0.003856
c23+CMCT,7688.163553,0.0373334
,7689.166251,0.110815
,7690.168866,0.176413
,7691.171426,0.198192
,7692.173948,0.175289
,7693.176438,0.129402
,7694.178904,0.082676
,7695.18135,0.046851
,7696.183778,0.023967
,7697.186192,0.011217
,7698.188592,0.004852
,7699.190981,0.001956
c23+CMCT-G,7537.114143,0.0402565
,7538.116864,0.116524
,7539.119494,0.181456
,7540.122068,0.199807
,7541.124599,0.173454
,7542.1271,0.125823
,7543.129574,0.079063
,7544.132028,0.044097
,7545.134463,0.022217
,7546.136883,0.010245
,7547.13929,0.004369
,7548.141685,0.001737
c23-G,7285.914381,0.0476205
,7286.917085,0.129896
,7287.919691,0.192263
,7288.92224,0.202276
,7289.924747,0.168408
,7290.927224,0.117496
,7291.929675,0.071173
,7292.932106,0.03834
,7293.934519,0.018686
,7294.936918,0.008347
,7295.939304,0.003452
c24,7742.005077,0.0388975
,7743.007763,0.113369
,7744.01036,0.17815
,7745.012904,0.198219
,7746.015408,0.174048
,7747.017882,0.127797
,7748.020332,0.081334
,7749.022762,0.04597
,7750.025176,0.02348
,7751.027574,0.010981
,7752.029961,0.004751
,7753.032336,0.001917
c24+CMCT,7993.20484,0.0328821
,7994.207542,0.101322
,7995.210162,0.167083
,7996.212729,0.194167
,7997.215256,0.177454
,7998.217753,0.135261
,7999.220226,0.089172
,8000.222678,0.052115
,8001.225112,0.027483
,8002.227531,0.013254
,8003.229938,0.005906
,8004.232332,0.002452
c24+CMCT-G,7842.15543,0.0354589
,7843.158154,0.106647
,7844.160789,0.172156
,7845.163369,0.19621
,7846.165907,0.176109
,7847.168413,0.131971
,7848.170894,0.085609
,7849.173353,0.049266
,7850.175795,0.025598
,7851.178221,0.012169
,7852.180633,0.005348
,7853.183034,0.002191
c24-G,7590.955667,0.0419414
,7591.958375,0.119148
,7592.960989,0.183121
,7593.963544,0.199693
,7594.966059,0.172109
,7595.968542,0.124186
,7596.971,0.07774
,7597.973438,0.04325
,7598.975858,0.021759
,7599.978264,0.010029
,7600.980656,0.004278
,7601.983037,0.001703
c25,8087.052512,0.0336417
,8088.05519,0.102468
,8089.057786,0.167706
,8090.060329,0.193934
,8091.062834,0.176709
,8092.065309,0.134486
,8093.06776,0.088632
,8094.070192,0.051834
,8095.072607,0.027377
,8096.075007,0.013232
,8097.077396,0.005914
,8098.079773,0.002464
c25+CMCT,8338.252274,0.0284432
,8339.254969,0.091379
,8340.257586,0.156672
,8341.260152,0.188956
,8342.262679,0.178983
,8343.265176,0.141247
,8344.267649,0.096328
,8345.270102,0.058197
,8346.272537,0.031708
,8347.274958,0.01579
,8348.277365,0.007263
,8349.279761,0.003111
c25+CMCT-G,8187.202865,0.0306699
,8188.20558,0.096271
,8189.208212,0.161704
,8190.21079,0.191393
,8191.213327,0.178147
,8192.215833,0.138289
,8193.218315,0.092845
,8194.220775,0.055258
,8195.223217,0.029676
,8196.225644,0.014574
,8197.228058,0.006614
,8198.230459,0.002796
c25-G,7936.003102,0.0362843
,7937.005802,0.107842
,7938.008412,0.172768
,7939.010967,0.195945
,7940.013482,0.175355
,7941.015966,0.131218
,7942.018426,0.085103
,7943.020865,0.049013
,7944.023286,0.025509
,7945.025693,0.012156
,7946.028088,0.005359
,7947.03047,0.002203
c26,8392.093799,0.0296375
,8393.096481,0.093624
,8394.099083,0.158554
,8395.101633,0.18944
,8396.104145,0.178154
,8397.106626,0.139822
,8398.109084,0.094964
,8399.111523,0.057203
,8400.113944,0.031104
,8401.116351,0.015472
,8402.118745,0.007113
,8403.121128,0.003048
c26+CMCT,8643.293561,0.0250533
,8644.296259,0.083322
,8645.298882,0.14761
,8646.301453,0.183716
,8647.303986,0.179414
,8648.30649,0.145871
,8649.308968,0.102431
,8650.311427,0.063687
,8651.313868,0.035695
,8652.316294,0.01828
,8653.318707,0.008643
,8654.321109,0.003805
,8655.323499,0.001571
c26+CMCT-G,8492.244151,0.0270156
,8493.24687,0.087856
,8494.249507,0.152574
,8495.25209,0.186461
,8496.254633,0.179025
,8497.257145,0.143239
,8498.259632,0.099061
,8499.262098,0.0607
,8500.264546,0.033547
,8501.266979,0.016949
,8502.269398,0.00791
,8503.271805,0.003438
c26-G,8241.044389,0.0319569
,8242.047092,0.098595
,8243.049709,0.163552
,8244.05227,0.191763
,8245.054792,0.177213
,8246.057283,0.136815
,8247.059748,0.091484
,8248.062194,0.054291
,8249.064622,0.029102
,8250.067035,0.014277
,8251.069435,0.006477
,8252.071824,0.00274
w01,323.051851,0.8784789
,324.054662,0.099899
,325.056445,0.019616
,326.05901,0.001798
w01+CMCT,574.251614,0.7426172
,575.254532,0.208322
,576.256916,0.041892
,577.259373,0.006289
w02,628.093138,0.7737855
,629.095942,0.175513
,630.097976,0.042868
,631.100435,0.00671
w02+CMCT,879.292901,0.6541143
,880.295784,0.257478
,881.298197,0.070872
,882.300652,0.0146
,883.303021,0.002509
w03,973.140573,0.6693143
,974.143274,0.239706
,975.145477,0.071982
,976.14785,0.015528
,977.150083,0.002921
w03+CMCT,1224.340335,0.5658064
,1225.343129,0.297016
,1226.345566,0.103202
,1227.347998,0.026893
,1228.350367,0.005804
w03+CMCT-G,1073.290926,0.610146
,1074.293879,0.275309
,1075.296307,0.088283
,1076.298796,0.02115
,1077.301183,0.004251
w03-G,822.091163,0.7217642
,823.094094,0.205279
,824.096168,0.059284
,825.098681,0.011321
w04,1278.18186,0.5895473
,1279.184584,0.27782
,1280.186873,0.099198
,1281.189255,0.026177
,1282.191537,0.005885
w04+CMCT,1529.381622,0.4983676
,1530.384417,0.317982
,1531.386887,0.130562
,1532.389334,0.040154
,1533.391722,0.010187
,1534.394088,0.002222
w04+CMCT-G,1378.332212,0.5374251
,1379.335135,0.303282
,1380.33761,0.116049
,1381.3401,0.033293
,1382.342506,0.007954
w04-G,1127.13245,0.6357461
,1128.135343,0.252721
,1129.13757,0.085517
,1130.140035,0.020678
,1131.142304,0.004389
w05,1584.207162,0.5199766
,1585.209937,0.302085
,1586.212294,0.125758
,1587.214706,0.03907
,1588.217031,0.010228
w05+CMCT,1835.406924,0.4395616
,1836.409748,0.328688
,1837.412256,0.155549
,1838.414728,0.05505
,1839.417142,0.016033
,1840.419529,0.004012
w05+CMCT-G,1684.357515,0.4740005
,1685.360448,0.319495
,1686.362965,0.142077
,1687.365474,0.047378
,1688.367905,0.013101
,1689.370315,0.003121
w05-G,1433.157752,0.5607259
,1434.160667,0.284419
,1435.16299,0.112155
,1436.16546,0.032491
,1437.167785,0.008078
w06,1929.254597,0.4497746
,1930.257325,0.320362
,1931.259725,0.153149
,1932.262129,0.054903
,1933.264471,0.016382
,1934.266799,0.004216
w06+CMCT,2180.454359,0.3802183
,2181.457138,0.334241
,2182.459655,0.180385
,2183.462123,0.072473
,2184.464539,0.02383
,2185.466926,0.006716
w06+CMCT-G,2029.404949,0.4100176
,2030.407816,0.330209
,2031.41035,0.168358
,2032.412847,0.064195
,2033.415281,0.020151
,2034.417687,0.005437
w06-G,1778.205187,0.4850194
,1779.208021,0.309708
,1780.210414,0.140163
,1781.212856,0.047402
,1782.215208,0.013485
,1783.217558,0.003313
w07,2258.307117,0.3900002
,2259.309813,0.32885
,2260.312243,0.177067
,2261.314648,0.071363
,2262.317003,0.023722
,2263.319338,0.006784
w07+CMCT,2509.506879,0.3296886
,2510.509624,0.332988
,2511.51215,0.201038
,2512.514618,0.08982
,2513.517038,0.032667
,2514.519429,0.010152
,2515.521797,0.00278
w07+CMCT-G,2358.457469,0.3555132
,2359.460288,0.332861
,2360.462834,0.190667
,2361.465327,0.081251
,2362.467765,0.028322
,2363.470173,0.00846
,2364.472556,0.002232
w07-G,2107.257707,0.4205608
,2108.260488,0.323613
,2109.262925,0.165217
,2110.265359,0.063256
,2111.267727,0.020119
,2112.27008,0.005518
w08,2587.359637,0.3381702
,2588.362309,0.329423
,2589.364759,0.197721
,2590.367169,0.088402
,2591.369534,0.032382
,2592.371876,0.010174
,2593.374197,0.002825
w08+CMCT,2838.559399,0.2858707
,2839.562118,0.326161
,2840.564649,0.217914
,2841.567119,0.107099
,2842.569543,0.042652
,2843.571938,0.014473
,2844.574309,0.004318
w08+CMCT-G,2687.50999,0.308274
,2688.512771,0.328995
,2689.515324,0.209368
,2690.517816,0.098536
,2691.520258,0.037734
,2692.522668,0.012345
,2693.525054,0.003559
w08-G,2436.310227,0.3646727
,2437.31297,0.328355
,2438.315433,0.187389
,2439.317867,0.079986
,2440.320247,0.028124
,2441.322605,0.008504
,2442.324939,0.002278
w09,2932.407072,0.2925078
,2933.409726,0.323352
,2934.412188,0.21498
,2935.414602,0.105932
,2936.416975,0.042557
,2937.419323,0.014625
,2938.42165,0.004433
w09+CMCT,3183.606834,0.2472749
,3184.609533,0.314596
,3185.612065,0.231069
,3186.614535,0.124239
,3187.616962,0.05394
,3188.619359,0.01991
,3189.621733,0.006451
,3190.624088,0.001875
w09+CMCT-G,3032.557424,0.2666511
,3033.560178,0.319589
,3034.562732,0.22443
,3035.565223,0.115957
,3036.567666,0.048558
,3037.570078,0.017329
,3038.572465,0.005439
w09-G,2781.357662,0.3154275
,2782.360376,0.325434
,2783.362855,0.206432
,2784.36529,0.097507
,2785.367678,0.037721
,2786.37004,0.012515
,2787.37238,0.00367
w10,3238.432374,0.257993
,3239.435059,0.313504
,3240.437552,0.226552
,3241.439992,0.120985
,3242.442389,0.05255
,3243.444759,0.019498
,3244.447107,0.006375
,3245.449438,0.001875
w10+CMCT,3489.632136,0.2180974
,3490.634859,0.301404
,3491.637414,0.239022
,3492.639906,0.138441
,3493.642352,0.064648
,3494.644767,0.02564
,3495.647158,0.00892
,3496.64953,0.002782
w10+CMCT-G,3338.582727,0.2351779
,3339.5855,0.30767
,3340.588078,0.234014
,3341.590589,0.130619
,3342.593051,0.058981
,3343.59548,0.022672
,3344.597884,0.007658
,3345.600267,0.002322
w10-G,3087.382964,0.2782128
,3088.385705,0.317563
,3089.388216,0.21966
,3090.390676,0.112808
,3091.393087,0.047313
,3092.395471,0.016993
,3093.397831,0.005388
w11,3583.479809,0.2231558
,3584.482478,0.300474
,3585.484977,0.236558
,3586.487421,0.13693
,3587.489823,0.064216
,3588.492197,0.025662
,3589.49455,0.009019
,3590.496886,0.002847
w11+CMCT,3834.679571,0.1886534
,3835.682276,0.285486
,3836.684831,0.245206
,3837.687323,0.153141
,3838.689771,0.076877
,3839.692188,0.032708
,3840.694582,0.012187
,3841.696956,0.004066
w11+CMCT-G,3683.630161,0.203434
,3684.632912,0.292855
,3685.635489,0.241924
,3686.637999,0.145964
,3687.640462,0.071006
,3688.642893,0.029339
,3689.645298,0.010634
,3690.647683,0.003456
w11-G,3432.430399,0.240649
,3433.433118,0.306287
,3434.435636,0.231453
,3435.438097,0.129194
,3436.440513,0.058636
,3437.442901,0.02273
,3438.445265,0.007763
,3439.447612,0.002385
w12,3928.527243,0.1930351
,3929.5299,0.285266
,3930.532404,0.243076
,3931.534851,0.151551
,3932.537258,0.076285
,3933.539637,0.032645
,3934.541994,0.012264
,3935.544335,0.004134
w12+CMCT,4179.727006,0.1631783
,4180.729696,0.268362
,4181.732251,0.248169
,4182.734743,0.16619
,4183.737193,0.089205
,4184.739612,0.040502
,4185.742008,0.016081
,4186.744385,0.00571
,4187.746746,0.001843
w12+CMCT-G,4028.677596,0.1759696
,4029.680328,0.276426
,4030.682903,0.246462
,4031.685413,0.159785
,4032.687877,0.083268
,4033.690309,0.036779
,4034.692716,0.014228
,4035.695104,0.004929
w12-G,3777.477834,0.2081564
,3778.480534,0.292266
,3779.483057,0.239646
,3780.485521,0.144417
,3781.487942,0.070492
,3782.490333,0.029316
,3783.492701,0.010721
,3784.495052,0.003522
w13,4273.574678,0.1669713
,4274.577324,0.268674
,4275.579831,0.24639
,4276.582282,0.164579
,4277.584693,0.088473
,4278.587076,0.040346
,4279.589438,0.016126
,4280.591783,0.005775
,4281.594114,0.001883
w13+CMCT,4524.774441,0.1411434
,4525.777119,0.250658
,4526.779672,0.248294
,4527.782166,0.177434
,4528.784617,0.101371
,4529.787039,0.048898
,4530.789437,0.020597
,4531.791816,0.007751
,4532.79418,0.002649
w13+CMCT-G,4373.725031,0.1522089
,4374.727746,0.259088
,4375.73032,0.247984
,4376.73283,0.171882
,4377.735296,0.095494
,4378.737729,0.044878
,4379.740138,0.018445
,4380.742528,0.00678
,4381.744901,0.002266
w13-G,4122.525268,0.1800595
,4123.527954,0.27646
,4124.53048,0.244522
,4125.532947,0.15819
,4126.535371,0.082605
,4127.537766,0.036667
,4128.540139,0.014288
,4129.542494,0.004994
w14,4578.615965,0.1470743
,4579.618621,0.253293
,4580.621143,0.246769
,4581.623607,0.174562
,4582.626032,0.099165
,4583.628428,0.047717
,4584.630801,0.020101
,4585.633158,0.00758
,4586.635499,0.0026
w14+CMCT,4829.815727,0.124333
,4830.818413,0.234867
,4831.820978,0.246209
,4832.823482,0.185726
,4833.825944,0.111815
,4834.828376,0.056767
,4835.830784,0.025143
,4836.833173,0.009942
,4837.835546,0.003568
w14+CMCT-G,4678.766318,0.1340701
,4679.769038,0.243376
,4680.771623,0.246953
,4681.774144,0.180958
,4682.776619,0.106087
,4683.779063,0.052539
,4684.781482,0.022732
,4685.78388,0.00879
,4686.786262,0.003088
w14-G,4427.566555,0.1585993
,4428.569248,0.261449
,4429.571789,0.246127
,4430.57427,0.168904
,4431.576707,0.093339
,4432.579114,0.043775
,4433.581498,0.018
,4434.583864,0.006634
,4435.586214,0.002226
w15,4884.641267,0.1297185
,4885.643943,0.237635
,4886.646486,0.244999
,4887.64897,0.182986
,4888.651412,0.109584
,4889.653824,0.055527
,4890.656213,0.024612
,4891.658584,0.00976
,4892.66094,0.003519
w15+CMCT,5135.84103,0.1096605
,5136.843732,0.219182
,5137.846314,0.242282
,5138.848835,0.192383
,5139.851312,0.121775
,5140.853759,0.064945
,5141.85618,0.030198
,5142.858582,0.012529
,5143.860967,0.004716
w15+CMCT-G,4984.79162,0.1182492
,4985.794356,0.22763
,4986.796958,0.243951
,4987.799494,0.188432
,4988.801985,0.116292
,4989.804443,0.060572
,4990.806875,0.027543
,4991.809286,0.011187
,4992.81168,0.004126
w15-G,4733.591857,0.1398821
,4734.594569,0.245941
,4735.597131,0.245442
,4736.59963,0.178109
,4737.602084,0.103901
,4738.604508,0.051378
,4739.606907,0.022255
,4740.609287,0.008634
,4741.611651,0.003048
w16,5190.66657,0.1144135
,5191.669263,0.22215
,5192.671826,0.241593
,5193.674326,0.189917
,5194.676785,0.119527
,5195.679212,0.063582
,5196.681616,0.029562
,5197.684001,0.012289
,5198.686369,0.004642
w16+CMCT,5441.866332,0.0967179
,5442.869049,0.203925
,5443.871648,0.237013
,5444.874183,0.197543
,5445.876675,0.131095
,5446.879135,0.073238
,5447.881569,0.03565
,5448.883983,0.015476
,5449.88638,0.006092
,5450.888763,0.002203
w16+CMCT-G,5290.816922,0.1042989
,5291.819672,0.212219
,5292.82229,0.239482
,5293.824841,0.194409
,5294.827345,0.125933
,5295.829816,0.068783
,5296.832261,0.032775
,5297.834684,0.013942
,5298.837089,0.005383
,5299.83948,0.00191
w16-G,5039.61716,0.1233756
,5040.619888,0.230456
,5041.622469,0.242979
,5042.624985,0.185833
,5043.627455,0.114065
,5044.629894,0.05928
,5045.632307,0.026964
,5046.634701,0.010977
,5047.637078,0.004065
w17,5495.707856,0.1007787
,5496.710556,0.207075
,5497.713129,0.23697
,5498.71564,0.195489
,5499.718109,0.128874
,5500.720546,0.071713
,5501.722959,0.034843
,5502.725353,0.015123
,5503.727731,0.005961
,5504.730094,0.00216
w17+CMCT,5746.907619,0.085192
,5747.91034,0.189259
,5748.912947,0.230806
,5749.915491,0.201398
,5750.917992,0.139711
,5751.92046,0.081496
,5752.922902,0.041384
,5753.925324,0.018728
,5754.927729,0.007682
,5755.930118,0.002892
w17+CMCT-G,5595.858209,0.0918635
,5596.860961,0.197307
,5597.863587,0.233927
,5598.866146,0.199029
,5599.868659,0.134901
,5600.871138,0.077002
,5601.87359,0.038309
,5602.876021,0.017001
,5603.878434,0.006844
,5604.880832,0.002531
w17-G,5344.658447,0.108673
,5345.661179,0.215284
,5346.66377,0.239179
,5347.666296,0.192192
,5348.668777,0.123696
,5349.671225,0.06731
,5350.673648,0.032022
,5351.67605,0.013623
,5352.678436,0.005268
,5353.680807,0.001874
w18,5800.749143,0.0887663
,5801.751848,0.192432
,5802.754431,0.231148
,5803.756952,0.199641
,5804.75943,0.137551
,5805.761877,0.079893
,5806.764299,0.040477
,5807.766701,0.018306
,5808.769087,0.007514
,5809.771459,0.002834
w18+CMCT,6051.948906,0.0750382
,6052.951631,0.175189
,6053.954245,0.223668
,6054.956797,0.203892
,6055.959306,0.147545
,6056.961782,0.089683
,6057.964232,0.047415
,6058.966661,0.022325
,6059.969073,0.009522
,6060.97147,0.003726
w18+CMCT-G,5900.899496,0.080922
,5901.90225,0.182959
,5902.904883,0.227359
,5903.90745,0.202289
,5904.909971,0.143155
,5905.912458,0.085217
,5906.914917,0.044174
,5907.917355,0.020412
,5908.919775,0.00855
,5909.92218,0.003288
w18-G,5649.699733,0.0957218
,5650.702469,0.200454
,5651.70507,0.234057
,5652.707605,0.197121
,5653.710096,0.132717
,5654.712553,0.075447
,5655.714984,0.037458
,5656.717395,0.016617
,5657.719789,0.006695
,5658.722168,0.002481
w19,6129.801663,0.076966
,6130.804357,0.176928
,6131.806939,0.223825
,6132.809461,0.20287
,6133.811941,0.14632
,6134.814391,0.088805
,6135.816816,0.046947
,6136.819221,0.022129
,6137.82161,0.009458
,6138.823985,0.003712
w19+CMCT,6381.001426,0.0650621
,6382.00414,0.160416
,6383.006751,0.215139
,6384.009303,0.205378
,6385.011812,0.155305
,6386.01429,0.098486
,6387.016742,0.054255
,6388.019173,0.026591
,6389.021587,0.011795
,6390.023986,0.004797
,6391.026372,0.001806
w19+CMCT-G,6229.952016,0.0701667
,6230.954758,0.167829
,6231.957387,0.219333
,6232.959953,0.204562
,6233.962474,0.151401
,6234.964962,0.094099
,6235.967423,0.050861
,6236.969863,0.024479
,6237.972285,0.010671
,6238.974691,0.004267
w19-G,5978.752253,0.0830003
,5979.754976,0.184681
,5980.757576,0.227389
,5981.760112,0.201175
,5982.762604,0.141915
,5983.765063,0.084366
,5984.767497,0.043738
,5985.769911,0.020236
,5986.772307,0.008496
,5987.774689,0.003278
w20,6434.84295,0.0677922
,6435.845649,0.163507
,6436.848239,0.216143
,6437.85077,0.204259
,6438.853259,0.153367
,6439.855717,0.096791
,6440.85815,0.053162
,6441.860564,0.026016
,6442.86296,0.011537
,6443.865342,0.004696
,6444.867712,0.001771
w20+CMCT,6686.042712,0.0573108
,6687.04543,0.147787
,6688.048048,0.206648
,6689.050607,0.205303
,6690.053124,0.161358
,6691.055609,0.106249
,6692.058068,0.060729
,6693.060506,0.030862
,6694.062927,0.014188
,6695.065333,0.005977
,6696.067725,0.002331
w20+CMCT-G,6534.993303,0.061806
,6535.996047,0.154822
,6536.998683,0.211168
,6538.001255,0.205138
,6539.003784,0.157923
,6540.006279,0.101987
,6541.008747,0.057231
,6542.011194,0.028579
,6543.013622,0.012919
,6544.016035,0.005355
,6545.018434,0.002056
w20-G,6283.79354,0.0731087
,6284.796267,0.17094
,6285.798875,0.220167
,6286.801419,0.203273
,6287.803919,0.149397
,6288.806387,0.092421
,6289.808829,0.049813
,6290.811251,0.023943
,6291.813655,0.010436
,6292.816044,0.004178
w21,6763.89547,0.0587875
,6764.89816,0.149486
,6765.900749,0.207189
,6766.90328,0.204653
,6767.905771,0.160264
,6768.908231,0.105318
,6769.910666,0.060155
,6770.913082,0.030582
,6771.915481,0.014077
,6772.917866,0.005942
,6773.920239,0.002324
w21+CMCT,7015.095233,0.0496974
,7016.097941,0.134661
,7017.100556,0.196982
,7018.103114,0.204183
,7019.105631,0.167115
,7020.108117,0.114425
,7021.110578,0.06793
,7022.113018,0.035823
,7023.11544,0.017075
,7024.117848,0.007454
,7025.120242,0.00301
w21+CMCT-G,6864.045823,0.0535855
,6865.048556,0.141246
,6866.051188,0.201742
,6867.053759,0.204646
,6868.056288,0.164178
,6869.058784,0.110324
,6870.061253,0.064341
,6871.063701,0.033359
,6872.066131,0.015643
,6873.068546,0.006722
,6874.070947,0.002674
w21-G,6612.84606,0.0633882
,6613.848776,0.156512
,6614.851382,0.211583
,6615.853926,0.204363
,6616.856428,0.15677
,6617.858897,0.101053
,6618.861342,0.056675
,6619.863766,0.028316
,6620.866172,0.012818
,6621.868564,0.005325
,6622.870943,0.00205
w22,7068.936757,0.0517815
,7069.939451,0.137528
,7070.942048,0.198436
,7071.944587,0.203659
,7072.947085,0.165488
,7073.949553,0.112728
,7074.951997,0.066689
,7075.95442,0.035093
,7076.956826,0.016711
,7077.959218,0.007295
,7078.961597,0.002948
w22+CMCT,7320.136519,0.043771
,7321.139231,0.123554
,7322.141852,0.187791
,7323.144417,0.201933
,7324.146941,0.171254
,7325.149434,0.121395
,7326.151901,0.074558
,7327.154348,0.040653
,7328.156777,0.020026
,7329.15919,0.009031
,7330.161591,0.003766
w22+CMCT-G,7169.087109,0.0471988
,7170.089845,0.12975
,7171.092483,0.192723
,7172.095061,0.202953
,7173.097596,0.168822
,7174.100099,0.117516
,7175.102575,0.070943
,7176.105029,0.038051
,7177.107465,0.01845
,7178.109886,0.008194
,7179.112293,0.003367
w22-G,6917.887347,0.0558371
,6918.890066,0.144183
,6919.892679,0.2031
,6920.895231,0.203985
,6921.897741,0.16248
,6922.900218,0.108633
,6923.90267,0.063141
,6924.905101,0.032672
,6925.907515,0.015309
,6926.909914,0.006579
,6927.912299,0.00262
w23,7374.962059,0.0456665
,7375.964765,0.126297
,7376.967374,0.189309
,7377.969926,0.201553
,7378.972436,0.169729
,7379.974915,0.119729
,7380.977369,0.073307
,7381.979803,0.039905
,7382.982219,0.019649
,7383.984621,0.008866
,7384.987009,0.003703
w23+CMCT,7626.161822,0.038604
,7627.164544,0.113204
,7628.167176,0.178424
,7629.169752,0.198728
,7630.172287,0.174425
,7631.17479,0.127883
,7632.177267,0.081196
,7633.179723,0.045749
,7634.182161,0.02328
,7635.184583,0.010841
,7636.186992,0.004668
,7637.18939,0.001874
w23+CMCT-G,7475.112412,0.0416328
,7476.115157,0.119017
,7477.117806,0.183463
,7478.120395,0.200257
,7479.12294,0.172508
,7480.125453,0.124272
,7481.127938,0.077598
,7482.130402,0.043031
,7483.132848,0.021564
,7484.135277,0.009895
,7485.137692,0.0042
,7486.140096,0.001663
w23-G,7223.912649,0.049247
,7224.91538,0.132569
,7225.918005,0.19416
,7226.920569,0.202443
,7227.92309,0.167223
,7228.925579,0.115851
,7229.928041,0.06973
,7230.930483,0.037344
,7231.932906,0.018103
,7232.935314,0.008047
,7233.937709,0.003313
w24,7720.009494,0.0395016
,7721.012192,0.114435
,7722.014798,0.178982
,7723.017349,0.198376
,7724.01986,0.173618
,7725.02234,0.127124
,7726.024795,0.080709
,7727.02723,0.045519
,7728.029648,0.023207
,7729.032051,0.010836
,7730.034442,0.004681
,7731.036821,0.001886
w24+CMCT,7971.209256,0.0333952
,7972.21197,0.102315
,7973.214599,0.167955
,7974.217173,0.194444
,7975.219707,0.177136
,7976.22221,0.134643
,7977.224688,0.088549
,7978.227144,0.051641
,7979.229583,0.027182
,7980.232007,0.013087
,7981.234417,0.005823
,7982.236816,0.002414
w24+CMCT-G,7820.159847,0.0360103
,7821.162582,0.107672
,7822.165227,0.17301
,7823.167814,0.196431
,7824.170358,0.175737
,7825.17287,0.131324
,7826.175356,0.084982
,7827.177821,0.048801
,7828.180267,0.025309
,7829.182697,0.012012
,7830.185114,0.005271
,7831.187518,0.002156
w24-G,7568.960084,0.0425951
,7569.962805,0.120256
,7570.965427,0.183943
,7571.96799,0.199808
,7572.970511,0.171643
,7573.973001,0.123501
,7574.975464,0.077123
,7575.977907,0.042815
,7576.980332,0.0215
,7577.982741,0.009893
,7578.985138,0.004214
,7579.987523,0.001675
w25,8025.050781,0.0347955
,8026.053482,0.104737
,8027.056095,0.169763
,8028.058653,0.194673
,8029.06117,0.176071
,8030.063657,0.13311
,8031.066119,0.087193
,8032.068561,0.050709
,8033.070985,0.026645
,8034.073394,0.012817
,8035.075791,0.005702
,8036.078176,0.002366
w25+CMCT,8276.250543,0.0294146
,8277.25326,0.093446
,8278.255894,0.158723
,8279.258474,0.189873
,8280.261014,0.17855
,8281.263523,0.139985
,8282.266006,0.094897
,8283.268469,0.057016
,8284.270913,0.030906
,8285.273343,0.015318
,8286.275758,0.007014
,8287.278162,0.002992
w25+CMCT-G,8125.201133,0.0317175
,8126.203871,0.098424
,8127.206521,0.163753
,8128.209113,0.192223
,8129.211663,0.177611
,8130.214181,0.136964
,8131.216673,0.091402
,8132.219143,0.054098
,8133.221595,0.028904
,8134.224031,0.014127
,8135.226453,0.006382
,8136.228862,0.002687
w25-G,7874.001371,0.0375229
,7875.004095,0.11018
,7876.006723,0.17478
,7877.009293,0.196551
,7878.01182,0.174584
,7879.014316,0.129765
,7880.016786,0.083647
,7881.019235,0.047905
,7882.021666,0.024804
,7883.024082,0.011763
,7884.026485,0.005162
,7885.028876,0.002113
w26,8370.098215,0.0300975
,8371.100909,0.094548
,8372.10352,0.159411
,8373.106076,0.189763
,8374.108594,0.177897
,8375.111082,0.139241
,8376.113545,0.094345
,8377.115988,0.05671
,8378.118413,0.030779
,8379.120824,0.015285
,8380.123222,0.007017
,8381.125609,0.003003
w26+CMCT,8621.297978,0.0254423
,8622.300687,0.084168
,8623.303317,0.148471
,8624.305896,0.184123
,8625.308435,0.179256
,8626.310944,0.145349
,8627.313428,0.101823
,8628.315891,0.063176
,8629.318337,0.035343
,8630.320767,0.018069
,8631.323184,0.008531
,8632.325589,0.003751
,8633.327983,0.001546
w26+CMCT-G,8470.248568,0.027438
,8471.251297,0.088747
,8472.253943,0.153452
,8473.256533,0.186853
,8474.259083,0.178842
,8475.2616,0.142706
,8476.264092,0.098458
,8477.266563,0.060203
,8478.269015,0.033211
,8479.271452,0.016751
,8480.273875,0.007806
,8481.276286,0.003388
w26-G,8219.048806,0.0324584
,8220.051521,0.099571
,8221.054146,0.16443
,8222.056714,0.192077
,8223.059242,0.176942
,8224.061738,0.136233
,8225.06421,0.090878
,8226.06666,0.053818
,8227.069092,0.028795
,8228.071509,0.014103
,8229.073913,0.006389
,8230.076306,0.002699
y01,243.085521,0.8850126
,244.088313,0.099526
,245.090224,0.014187
y02,548.126807,0.7795387
,549.129603,0.175835
,550.131706,0.038165
,551.134136,0.005625
y02+CMCT,799.32657,0.6589803
,800.329449,0.258563
,801.33192,0.067015
,802.334384,0.013028
y03,893.174242,0.6742906
,894.176937,0.240638
,895.179177,0.068061
,896.181541,0.014072
,897.183794,0.002496
y03+CMCT,1144.374004,0.5700099
,1145.376794,0.298503
,1146.379262,0.100082
,1147.381703,0.025125
,1148.384088,0.00519
y03+CMCT-G,993.324595,0.6146763
,994.327544,0.276578
,995.330018,0.084805
,996.332513,0.019494
,997.334924,0.003726
y03-G,742.124832,0.7271335
,743.127757,0.205889
,744.129888,0.054988
,745.13238,0.010065
y04,1198.215529,0.593935
,1199.218249,0.279138
,1200.220563,0.095927
,1201.222944,0.024529
,1202.225239,0.005298
y04+CMCT,1449.415291,0.5020734
,1450.418083,0.319713
,1451.420575,0.128038
,1452.42303,0.038319
,1453.425429,0.009418
y04+CMCT-G,1298.365881,0.5414253
,1299.368801,0.304856
,1300.371306,0.113194
,1301.373803,0.031518
,1302.376225,0.007268
y04-G,1047.166119,0.6404736
,1048.169007,0.253792
,1049.171273,0.081889
,1050.17373,0.019162
,1051.176021,0.003884
y05,1504.240831,0.5238456
,1505.243603,0.303672
,1506.24598,0.123085
,1507.248393,0.037332
,1508.250728,0.009491
y05+CMCT,1755.440594,0.4428314
,1756.443414,0.330575
,1757.445939,0.153562
,1758.448419,0.053228
,1759.450842,0.015133
,1760.453237,0.00369
y05+CMCT-G,1604.391184,0.4775303
,1605.394115,0.321272
,1606.396654,0.139789
,1607.39917,0.045573
,1608.401613,0.012273
,1609.404031,0.002843
y05-G,1353.191421,0.5648914
,1354.194332,0.28582
,1355.196684,0.10915
,1356.199152,0.030831
,1357.201492,0.007418
y06,1849.288266,0.4531235
,1850.290992,0.322176
,1851.293405,0.151093
,1852.295812,0.053135
,1853.29816,0.015499
,1854.300493,0.003896
y06+CMCT,2100.488028,0.3830486
,2101.490805,0.336246
,2102.493333,0.178945
,2103.495807,0.070714
,2104.49823,0.02281
,2105.500624,0.006296
y06+CMCT-G,1949.438618,0.4130697
,1950.441483,0.332146
,1951.444032,0.166649
,1952.446535,0.062415
,1953.448978,0.019189
,1954.451391,0.005064
y06-G,1698.238856,0.4886315
,1699.241687,0.311398
,1700.244099,0.137806
,1701.246543,0.045661
,1702.248904,0.012672
,1703.251258,0.003035
y07,2178.340786,0.3928983
,2179.343479,0.330798
,2180.345919,0.175546
,2181.348328,0.069633
,2182.350688,0.022723
,2183.353027,0.006372
y07+CMCT,2429.540548,0.3321339
,2430.543291,0.335039
,2431.545825,0.200061
,2432.548299,0.088169
,2433.550725,0.03156
,2434.553121,0.00964
,2435.555494,0.002591
y07+CMCT-G,2278.491139,0.358157
,2279.493955,0.334885
,2280.496512,0.189457
,2281.499011,0.079552
,2282.501456,0.02726
,2283.50387,0.007993
,2284.506258,0.002068
y07-G,2027.291376,0.4236919
,2028.294154,0.325488
,2029.296604,0.163428
,2030.299041,0.061514
,2031.301417,0.019177
,2032.303774,0.005151
y08,2507.393306,0.3406762
,2508.395976,0.331435
,2509.398433,0.19667
,2510.400847,0.086767
,2511.403216,0.031295
,2512.405562,0.00967
,2513.407887,0.002638
y08+CMCT,2758.593068,0.2879982
,2759.595786,0.328225
,2760.598323,0.217348
,2761.600797,0.105599
,2762.603227,0.041492
,2763.605626,0.013873
,2764.608001,0.004074
y08+CMCT-G,2607.543659,0.3105659
,2608.546438,0.331049
,2609.549,0.208595
,2610.551497,0.096965
,2611.553945,0.036602
,2612.55636,0.011789
,2613.55875,0.003342
y08-G,2356.343896,0.3673845
,2357.346636,0.330333
,2358.34911,0.186104
,2359.351547,0.07831
,2360.353933,0.027082
,2361.356294,0.008046
,2362.358633,0.002116
y09,2852.440741,0.2946841
,2853.443393,0.325386
,2854.44586,0.214355
,2855.448278,0.104445
,2856.450655,0.041417
,2857.453006,0.014033
,2858.455336,0.00419
y09+CMCT,3103.640503,0.2491171
,3104.6432,0.316626
,3105.645737,0.230857
,3106.648212,0.122922
,3107.650643,0.05276
,3108.653044,0.019229
,3109.655421,0.006146
y09+CMCT-G,2952.591093,0.268637
,2953.593845,0.32163
,2954.596406,0.224042
,2955.598901,0.114556
,2956.601349,0.04739
,2957.603765,0.016688
,2958.606157,0.005163
y09-G,2701.391331,0.3177773
,2702.394044,0.327458
,2703.396529,0.2056
,2704.398968,0.095956
,2705.40136,0.03661
,2706.403726,0.011966
,2707.406069,0.003454
y10,3158.466043,0.259916
,3159.468726,0.315513
,3160.471224,0.226242
,3161.473668,0.119657
,3162.476068,0.051393
,3163.478441,0.018837
,3164.480792,0.006078
y10+CMCT,3409.665806,0.2197168
,3410.668526,0.303365
,3411.671086,0.239061
,3412.673582,0.137298
,3413.676032,0.063479
,3414.678451,0.024899
,3415.680845,0.00856
,3416.683221,0.002636
y10+CMCT-G,3258.616396,0.2369251
,3259.619167,0.309657
,3260.621751,0.233903
,3261.624266,0.129386
,3262.626733,0.057811
,3263.629166,0.021966
,3264.631574,0.007328
,3265.633961,0.002193
y10-G,3007.416633,0.2802814
,3008.419373,0.319571
,3009.42189,0.219164
,3010.424353,0.111401
,3011.426769,0.04617
,3012.429155,0.01637
,3013.431519,0.00512
y11,3503.513478,0.2248199
,3504.516146,0.302431
,3505.518649,0.236556
,3506.521095,0.135789
,3507.5235,0.063062
,3508.525878,0.024933
,3509.528233,0.008663
,3510.530572,0.002702
y11+CMCT,3754.71324,0.190051
,3755.715944,0.287361
,3756.718502,0.24549
,3757.720998,0.152196
,3758.723449,0.075739
,3759.72587,0.031912
,3760.728266,0.011767
,3761.730643,0.003882
y11+CMCT-G,3603.663831,0.2049502
,3604.666579,0.294779
,3605.669161,0.242093
,3606.671675,0.14493
,3607.674142,0.069858
,3608.676576,0.028572
,3609.678985,0.010243
,3610.681373,0.00329
y11-G,3352.464068,0.2424412
,3353.466785,0.308262
,3354.469308,0.231295
,3355.471773,0.127964
,3356.474193,0.057483
,3357.476583,0.022034
,3358.47895,0.007436
,3359.4813,0.002256
y12,3848.560913,0.1944639
,3849.563567,0.287132
,3850.566074,0.243315
,3851.568524,0.150597
,3852.570934,0.075157
,3853.573315,0.031859
,3854.575675,0.011848
,3855.578018,0.003951
y12+CMCT,4099.760675,0.1643945
,4100.763364,0.270155
,4101.765921,0.248666
,4102.768417,0.16545
,4103.77087,0.088126
,4104.773292,0.039669
,4105.77569,0.015604
,4106.77807,0.005486
,4107.780434,0.001752
y12+CMCT-G,3948.711265,0.1772807
,3949.713995,0.278262
,3950.716575,0.246856
,3951.719088,0.15895
,3952.721555,0.082164
,3953.72399,0.035965
,3954.726401,0.013778
,3955.728791,0.004724
y12-G,3697.511503,0.2097099
,3698.514202,0.294182
,3699.516728,0.239772
,3700.519196,0.14338
,3701.521619,0.069356
,3702.524013,0.028559
,3703.526384,0.010334
,3704.528738,0.003357
y13,4193.608347,0.1682115
,4194.610992,0.270458
,4195.613501,0.246843
,4196.615954,0.163824
,4197.618368,0.0874
,4198.620754,0.039522
,4199.623118,0.015654
,4200.625465,0.005552
,4201.627798,0.001792
y13+CMCT,4444.80811,0.1421946
,4445.810787,0.252346
,4446.813343,0.24895
,4447.815838,0.176887
,4448.818293,0.100366
,4449.820717,0.048042
,4450.823118,0.020068
,4451.825499,0.007485
,4452.827865,0.002534
y13+CMCT-G,4293.7587,0.1533429
,4294.761414,0.260825
,4295.763991,0.248558
,4296.766504,0.171242
,4297.768972,0.094455
,4298.771409,0.044034
,4299.77382,0.017941
,4300.776212,0.006534
,4301.778588,0.002162
y13-G,4042.558938,0.1813888
,4043.561622,0.278272
,4044.564151,0.24486
,4045.56662,0.157335
,4046.569047,0.081505
,4047.571445,0.035861
,4048.57382,0.013842
,4049.576177,0.004791
y14,4498.649634,0.1481683
,4499.652288,0.25499
,4500.654813,0.24737
,4501.65728,0.173977
,4502.659706,0.098157
,4503.662105,0.046872
,4504.664481,0.019583
,4505.666839,0.007321
,4506.669183,0.002488
y14+CMCT,4749.849397,0.1252571
,4750.852081,0.236454
,4751.854648,0.246969
,4752.857154,0.185338
,4753.859619,0.110889
,4754.862054,0.055903
,4755.864464,0.024573
,4756.866855,0.009638
,4757.86923,0.003429
y14+CMCT-G,4598.799987,0.1350661
,4599.802706,0.245014
,4600.805294,0.247646
,4601.807817,0.18048
,4602.810295,0.105119
,4603.812742,0.051681
,4604.815163,0.022184
,4605.817564,0.008506
,4606.819948,0.002962
y14-G,4347.600224,0.1597789
,4348.602916,0.263192
,4349.60546,0.246641
,4350.607943,0.168227
,4351.610382,0.092298
,4352.612792,0.042944
,4353.615179,0.017508
,4354.617546,0.006394
,4355.619899,0.002125
y15,4804.674936,0.1306843
,4805.677611,0.239239
,4806.680156,0.245716
,4807.682642,0.182565
,4808.685086,0.108654
,4809.6875,0.054675
,4810.689892,0.024053
,4811.692265,0.009462
,4812.694622,0.003383
y15+CMCT,5055.874699,0.1104699
,5056.8774,0.22066
,5057.879984,0.243111
,5058.882507,0.192137
,5059.884987,0.120932
,5060.887436,0.064084
,5061.88986,0.029592
,5062.892264,0.012187
,5063.894651,0.004551
y15+CMCT-G,4904.825289,0.1191323
,4905.828024,0.22918
,4906.830628,0.24475
,4907.833167,0.188118
,4908.83566,0.115414
,4909.838121,0.059716
,4910.840555,0.026959
,4911.842969,0.010866
,4912.845365,0.003975
y15-G,4653.625527,0.1409221
,4654.628237,0.247592
,4655.630802,0.246086
,4656.633303,0.177598
,4657.63576,0.102931
,4658.638185,0.050532
,4659.640587,0.021719
,4660.642969,0.008357
,4661.645335,0.002925
y16,5110.700239,0.1152662
,5111.702931,0.22366
,5112.705495,0.242401
,5113.707998,0.189649
,5114.710459,0.118683
,5115.712889,0.062735
,5116.715294,0.028969
,5117.717681,0.011954
,5118.720052,0.004481
y16+CMCT,5361.900001,0.0974404
,5362.902717,0.205325
,5363.905317,0.237925
,5364.907855,0.197454
,5365.910349,0.130358
,5366.912811,0.072401
,5367.915248,0.035018
,5368.917664,0.015098
,5369.920063,0.005901
,5370.922448,0.002117
y16+CMCT-G,5210.850591,0.1050746
,5211.85334,0.213665
,5212.85596,0.240347
,5213.858513,0.194235
,5214.86102,0.125142
,5215.863494,0.067937
,5216.865941,0.032158
,5217.868366,0.013583
,5218.870774,0.005205
,5219.873167,0.001833
y16-G,4959.650829,0.124288
,4960.653556,0.232003
,4961.656139,0.243718
,4962.658657,0.18547
,4963.66113,0.113171
,4964.663571,0.058429
,4965.665987,0.026388
,4966.668382,0.010662
,4967.670761,0.003917
y17,5415.741525,0.1015261
,5416.744224,0.208482
,5417.746799,0.23784
,5418.749312,0.195355
,5419.751783,0.128117
,5420.754222,0.070876
,5421.756637,0.034219
,5422.759033,0.014753
,5423.761412,0.005774
,5424.763778,0.002077
y17+CMCT,5666.941288,0.0858224
,5667.944008,0.190551
,5668.946616,0.231745
,5669.949163,0.201422
,5670.951665,0.139061
,5671.954136,0.08068
,5672.95658,0.040728
,5673.959004,0.018316
,5674.961411,0.007462
,5675.963803,0.00279
y17+CMCT-G,5515.891878,0.0925493
,5516.89463,0.198663
,5517.897257,0.234853
,5518.899818,0.198995
,5519.902334,0.134208
,5520.904815,0.076179
,5521.90727,0.037668
,5522.909703,0.016609
,5523.912118,0.00664
,5524.914517,0.002438
y17-G,5264.692116,0.1094813
,5265.694847,0.216747
,5266.69744,0.24001
,5267.699968,0.191984
,5268.702451,0.122893
,5269.704901,0.066469
,5270.707326,0.031415
,5271.709731,0.013272
,5272.712118,0.005095
,5273.714492,0.001799
y18,5720.782812,0.0894273
,5721.785516,0.193752
,5722.7881,0.232074
,5723.790623,0.199642
,5724.793103,0.136892
,5725.795552,0.079082
,5726.797976,0.039832
,5727.800381,0.017902
,5728.802768,0.007299
,5729.805142,0.002734
y18+CMCT,5971.982575,0.0755888
,5972.985299,0.176379
,5973.987914,0.224622
,5974.990468,0.204018
,5975.992979,0.146985
,5976.995457,0.088896
,5977.99791,0.046742
,5979.000341,0.021879
,5980.002755,0.009274
,5981.005154,0.003606
y18+CMCT-G,5820.933165,0.0815238
,5821.935919,0.184217
,5822.938553,0.228315
,5823.941122,0.20237
,5824.943645,0.142556
,5825.946134,0.084421
,5826.948596,0.043514
,5827.951036,0.019985
,5828.953458,0.008318
,5829.955865,0.003178
y18-G,5569.733402,0.0964326
,5570.736137,0.201821
,5571.73874,0.234946
,5572.741277,0.197045
,5573.74377,0.132005
,5574.746229,0.074623
,5575.748662,0.036825
,5576.751075,0.016231
,5577.753471,0.006496
,5578.755852,0.00239
y19,6049.835332,0.0775386
,6050.838025,0.178147
,6051.840609,0.224788
,6052.843132,0.202998
,6053.845614,0.145767
,6054.848066,0.088028
,6055.850492,0.046284
,6056.852899,0.02169
,6057.85529,0.009214
,6058.857666,0.003593
y19+CMCT,6301.035095,0.0655501
,6302.037808,0.161537
,6303.040421,0.216145
,6304.042974,0.20565
,6305.045485,0.154877
,6306.047964,0.09776
,6307.050418,0.053581
,6308.052851,0.026117
,6309.055267,0.011518
,6310.057668,0.004656
,6311.060056,0.001742
y19+CMCT-G,6149.985685,0.0706857
,6150.988426,0.168982
,6151.991056,0.220307
,6152.993624,0.204757
,6153.996147,0.150905
,6154.998637,0.093341
,6156.001101,0.050186
,6157.003542,0.024019
,6158.005966,0.010408
,6159.008374,0.004136
y19-G,5898.785923,0.0836151
,5899.788645,0.185943
,5900.791246,0.228324
,5901.793783,0.201231
,5902.796277,0.141304
,5903.798739,0.08357
,5904.801175,0.043082
,5905.80359,0.019814
,5906.805988,0.008267
,5907.808372,0.003168
y20,6354.876619,0.0683035
,6355.879317,0.164654
,6356.881909,0.217145
,6357.884441,0.204511
,6358.886932,0.152927
,6359.889392,0.096066
,6360.891827,0.052496
,6361.894241,0.025551
,6362.89664,0.011266
,6363.899024,0.004558
,6364.901395,0.001709
y20+CMCT,6606.076381,0.0577376
,6607.079098,0.148815
,6608.081718,0.207644
,6609.084278,0.205653
,6610.086797,0.16102
,6611.089283,0.105568
,6612.091744,0.060053
,6613.094184,0.030363
,6614.096607,0.013883
,6615.099014,0.005815
,6616.101408,0.002255
y20+CMCT-G,6455.026972,0.0622645
,6456.029715,0.155892
,6457.032352,0.212155
,6458.034927,0.205432
,6459.037457,0.157527
,6460.039954,0.101277
,6461.042424,0.056554
,6462.044873,0.028093
,6463.047303,0.012628
,6464.049718,0.005204
,6465.052119,0.001986
y20-G,6203.827209,0.0736516
,6204.829935,0.172117
,6205.832544,0.221131
,6206.83509,0.203443
,6207.837593,0.148887
,6208.840062,0.091664
,6209.842506,0.049147
,6210.844929,0.023491
,6211.847335,0.010179
,6212.849726,0.00405
y21,6683.929139,0.0592233
,6684.931828,0.15052
,6685.934418,0.20817
,6686.936951,0.20498
,6687.939443,0.15991
,6688.941904,0.104632
,6689.944342,0.05948
,6690.946759,0.030086
,6691.94916,0.013774
,6692.951546,0.005782
,6693.95392,0.002248
y21+CMCT,6935.128902,0.0500645
,6936.131609,0.135593
,6937.134225,0.197958
,6938.136785,0.204606
,6939.139303,0.166871
,6940.141791,0.113797
,6941.144253,0.067257
,6942.146695,0.035298
,6943.149119,0.01674
,6944.151528,0.007268
,6945.153925,0.002919
y21+CMCT-G,6784.079492,0.0539858
,6785.082224,0.142233
,6786.084857,0.202737
,6787.08743,0.205043
,6788.089961,0.163896
,6789.092458,0.109676
,6790.09493,0.063671
,6791.097379,0.032849
,6792.099811,0.015324
,6793.102228,0.006549
,6794.104631,0.00259
y21-G,6532.879729,0.063862
,6533.882444,0.157601
,6534.885051,0.212573
,6535.887597,0.204651
,6536.8901,0.156373
,6537.892572,0.100347
,6538.895018,0.056006
,6539.897444,0.027836
,6540.899852,0.012532
,6541.902245,0.005176
,6542.904626,0.001981
y22,6988.970426,0.0521659
,6989.973119,0.138483
,6990.975717,0.199413
,6991.978257,0.204066
,6992.980758,0.165229
,6993.983227,0.112097
,6994.985672,0.066022
,6995.988096,0.034577
,6996.990504,0.016382
,6997.992898,0.007113
,6998.995279,0.002859
y22+CMCT,7240.170188,0.0440937
,7241.172899,0.124409
,7242.175522,0.188748
,7243.178088,0.202417
,7244.180613,0.171098
,7245.183107,0.120825
,7246.185576,0.073899
,7247.188025,0.040112
,7248.190455,0.019665
,7249.192871,0.008824
,7250.195273,0.003661
y22+CMCT-G,7089.120779,0.0475528
,7090.123514,0.130663
,7091.126152,0.19371
,7092.128732,0.203426
,7093.131269,0.168637
,7094.133773,0.116929
,7095.136251,0.070286
,7096.138707,0.037524
,7097.141145,0.018106
,7098.143567,0.008
,7099.145976,0.00327
y22-G,6837.921016,0.0562526
,6838.923735,0.145185
,6839.926349,0.204082
,6840.928902,0.204351
,6841.931413,0.162173
,6842.933892,0.107975
,6843.936346,0.062473
,6844.938779,0.032168
,6845.941194,0.014995
,6846.943594,0.00641
,6847.945981,0.002538
y23,7294.995728,0.0460106
,7295.998433,0.127191
,7297.001044,0.190292
,7298.003596,0.202048
,7299.006108,0.16958
,7300.008589,0.119171
,7301.011044,0.072661
,7302.013479,0.039376
,7303.015897,0.019297
,7304.0183,0.008664
,7305.02069,0.0036
y23+CMCT,7546.195491,0.0388939
,7547.198212,0.114005
,7548.200846,0.179381
,7549.203423,0.199292
,7550.205959,0.174378
,7551.208463,0.127393
,7552.210942,0.080567
,7553.213399,0.045203
,7554.215839,0.022899
,7555.218263,0.010613
,7556.220674,0.004548
,7557.223072,0.001816
y23+CMCT-G,7395.146081,0.0419423
,7396.148826,0.119848
,7397.151475,0.184418
,7398.154066,0.200775
,7399.156613,0.172401
,7400.159127,0.12374
,7401.161614,0.076954
,7402.16408,0.042488
,7403.166526,0.021194
,7404.168957,0.009678
,7405.171375,0.004088
,7406.17378,0.00161
y23-G,7143.946318,0.0496155
,7144.949048,0.133498
,7145.951674,0.195138
,7146.95424,0.20289
,7147.956763,0.167015
,7148.959253,0.115255
,7149.961717,0.069075
,7150.96416,0.036823
,7151.966585,0.017764
,7152.968994,0.007856
,7153.971391,0.003217
y24,7640.043163,0.0397964
,7641.04586,0.115238
,7642.048467,0.179927
,7643.051019,0.198919
,7644.053531,0.173553
,7645.056013,0.126626
,7646.058469,0.08008
,7647.060906,0.044975
,7648.063325,0.022827
,7649.06573,0.010609
,7650.068122,0.004561
,7651.070502,0.001829
y24+CMCT,7891.242925,0.0336435
,7892.245638,0.103033
,7893.248268,0.168867
,7894.250843,0.195042
,7895.253379,0.177167
,7896.255883,0.134218
,7897.258362,0.087945
,7898.26082,0.051084
,7899.263261,0.026775
,7900.265686,0.012834
,7901.268098,0.005684
,7902.270497,0.002345
y24+CMCT-G,7740.193516,0.0362772
,7741.196251,0.108424
,7742.198896,0.173932
,7743.201484,0.196999
,7744.20403,0.175719
,7745.206544,0.130861
,7746.209031,0.084362
,7747.211497,0.048247
,7748.213945,0.024913
,7749.216377,0.01177
,7750.218795,0.005141
,7751.221201,0.002093
y24-G,7488.993753,0.0429129
,7489.996473,0.121099
,7490.999096,0.184899
,7492.001661,0.200319
,7493.004183,0.171531
,7494.006674,0.12297
,7495.009139,0.076483
,7496.011583,0.042278
,7497.014009,0.021133
,7498.016421,0.009678
,7499.018819,0.004102
,7500.021205,0.001622
y25,7945.08445,0.0350545
,7946.08715,0.105472
,7947.089764,0.170677
,7948.092323,0.195258
,7949.094842,0.176083
,7950.09733,0.132674
,7951.099793,0.086588
,7952.102236,0.050156
,7953.104662,0.026243
,7954.107073,0.012568
,7955.10947,0.005566
,7956.111857,0.002298
y25+CMCT,8196.284212,0.0296338
,8197.286928,0.094105
,8198.289563,0.159605
,8199.292144,0.190507
,8200.294685,0.178657
,8201.297195,0.139627
,8202.29968,0.094325
,8203.302144,0.056459
,8204.30459,0.030481
,8205.307021,0.015043
,8206.309438,0.006858
,8207.311844,0.002912
y25+CMCT-G,8045.234802,0.0319531
,8046.23754,0.099115
,8047.24019,0.164647
,8048.242783,0.192833
,8049.245335,0.177673
,8050.247855,0.136568
,8051.250348,0.090811
,8052.25282,0.053541
,8053.255273,0.028489
,8054.25771,0.013864
,8055.260133,0.006235
,8056.262545,0.002613
y25-G,7794.03504,0.0378018
,7795.037763,0.110951
,7796.040392,0.175706
,7797.042963,0.197107
,7798.045492,0.17455
,7799.047989,0.129293
,7800.050461,0.083027
,7801.052911,0.047357
,7802.055344,0.024414
,7803.057761,0.011526
,7804.060165,0.005034
,7805.062557,0.002051
y26,8290.131884,0.0303233
,8291.134578,0.095219
,8292.137189,0.1603
,8293.139746,0.190398
,8294.142265,0.178004
,8295.144754,0.138887
,8296.147218,0.093778
,8297.149663,0.056159
,8298.15209,0.030359
,8299.154502,0.015013
,8300.156901,0.006862
,8301.159289,0.002923
y26+CMCT,8541.331647,0.0256311
,8542.334355,0.08476
,8543.336986,0.149308
,8544.339566,0.184779
,8545.342106,0.179433
,8546.344616,0.145062
,8547.347102,0.101288
,8548.349566,0.062621
,8549.352013,0.0349
,8550.354445,0.017771
,8551.356863,0.008356
,8552.359269,0.003658
y26+CMCT-G,8390.282237,0.0276431
,8391.284966,0.089375
,8392.287612,0.154317
,8393.290203,0.187504
,8394.292754,0.178991
,8395.295273,0.14239
,8396.297767,0.097909
,8397.300239,0.05965
,8398.302692,0.032778
,8399.30513,0.016465
,8400.307555,0.00764
,8401.309967,0.003302
y26-G,8139.082475,0.0326994
,8140.085189,0.100269
,8141.087815,0.165323
,8142.090385,0.192677
,8143.092914,0.176993
,8144.095411,0.135833
,8145.097884,0.090288
,8146.100335,0.053264
,8147.102769,0.028382
,8148.105188,0.013842
,8149.107593,0.006243
,8150.109987,0.002625
